Time [s],Pose1_Rx,Pose1_Ry,Pose1_Rz,Pose1_Tx,Pose1_Ty,Pose1_Tz,Pose2_Rx,Pose2_Ry,Pose2_Rz,Pose2_Tx,Pose2_Ty,Pose2_Tz,True_Rx,True_Ry,True_Rz,True_Tx,True_Ty,True_Tz,True Rel Angle [rad]
-1771442497.19,0.00,0.00,0.00,0.00,0.00,0.00,0.00,0.00,0.00,0.00,0.00,0.00,0.00,0.00,0.00,0.00,0.00,0.00,0.00
0.21,0.00,0.00,0.00,0.00,0.00,0.00,0.00,0.00,0.00,0.00,0.00,0.00,0.00,0.00,0.00,0.00,0.00,0.00,0.00
0.41,0.00,0.00,0.00,0.00,0.00,0.00,0.00,0.00,0.00,0.00,0.00,0.00,0.00,0.00,0.00,0.00,0.00,0.00,0.00
0.61,0.00,0.00,0.00,0.00,0.00,0.00,0.00,0.00,0.00,0.00,0.00,0.00,0.00,0.00,0.00,0.00,0.00,0.00,0.00
0.81,0.00,0.00,0.00,0.00,0.00,0.00,0.00,0.00,0.00,0.00,0.00,0.00,0.00,0.00,0.00,0.00,0.00,0.00,0.00
1.01,0.00,0.00,0.00,0.00,0.00,0.00,0.00,0.00,0.00,0.00,0.00,0.00,0.00,0.00,0.00,0.00,0.00,0.00,0.00
1.21,0.00,0.00,0.00,0.00,0.00,0.00,0.00,0.00,0.00,0.00,0.00,0.00,0.00,0.00,0.00,0.00,0.00,0.00,0.00
1.41,0.00,0.00,0.00,0.00,0.00,0.00,0.00,0.00,0.00,0.00,0.00,0.00,0.00,0.00,0.00,0.00,0.00,0.00,0.00
1.61,0.00,0.00,0.00,0.00,0.00,0.00,0.00,0.00,0.00,0.00,0.00,0.00,0.00,0.00,0.00,0.00,0.00,0.00,0.00
1.81,0.00,0.00,0.00,0.00,0.00,0.00,0.00,0.00,0.00,0.00,0.00,0.00,0.00,0.00,0.00,0.00,0.00,0.00,0.00
2.01,0.00,0.00,0.00,0.00,0.00,0.00,0.00,0.00,0.00,0.00,0.00,0.00,0.00,0.00,0.00,0.00,0.00,0.00,0.00
2.22,0.00,0.00,0.00,0.00,0.00,0.00,0.00,0.00,0.00,0.00,0.00,0.00,0.00,0.00,0.00,0.00,0.00,0.00,0.00
2.42,0.00,0.00,0.00,0.00,0.00,0.00,0.00,0.00,0.00,0.00,0.00,0.00,0.00,0.00,0.00,0.00,0.00,0.00,0.00
2.62,0.00,0.00,0.00,0.00,0.00,0.00,0.00,0.00,0.00,0.00,0.00,0.00,0.00,0.00,0.00,0.00,0.00,0.00,0.00
2.82,0.00,0.00,0.00,0.00,0.00,0.00,0.00,0.00,0.00,0.00,0.00,0.00,0.00,0.00,0.00,0.00,0.00,0.00,0.00
3.02,0.00,0.00,0.00,0.00,0.00,0.00,0.00,0.00,0.00,0.00,0.00,0.00,0.00,0.00,0.00,0.00,0.00,0.00,0.00
3.22,0.00,0.00,0.00,0.00,0.00,0.00,0.00,0.00,0.00,0.00,0.00,0.00,0.00,0.00,0.00,0.00,0.00,0.00,0.00
3.42,0.00,0.00,0.00,0.00,0.00,0.00,0.00,0.00,0.00,0.00,0.00,0.00,0.00,0.00,0.00,0.00,0.00,0.00,0.00
3.62,0.00,0.00,0.00,0.00,0.00,0.00,0.00,0.00,0.00,0.00,0.00,0.00,0.00,0.00,0.00,0.00,0.00,0.00,0.00
3.82,0.00,0.00,0.00,0.00,0.00,0.00,0.00,0.00,0.00,0.00,0.00,0.00,0.00,0.00,0.00,0.00,0.00,0.00,0.00
4.02,0.00,0.00,0.00,0.00,0.00,0.00,0.00,0.00,0.00,0.00,0.00,0.00,0.00,0.00,0.00,0.00,0.00,0.00,0.00
4.22,0.00,0.00,0.00,0.00,0.00,0.00,0.00,0.00,0.00,0.00,0.00,0.00,0.00,0.00,0.00,0.00,0.00,0.00,0.00
4.42,0.00,0.00,0.00,0.00,0.00,0.00,0.00,0.00,0.00,0.00,0.00,0.00,0.00,0.00,0.00,0.00,0.00,0.00,0.00
4.62,0.00,0.00,0.00,0.00,0.00,0.00,0.00,0.00,0.00,0.00,0.00,0.00,0.00,0.00,0.00,0.00,0.00,0.00,0.00
4.82,0.00,0.00,0.00,0.00,0.00,0.00,0.00,0.00,0.00,0.00,0.00,0.00,0.00,0.00,0.00,0.00,0.00,0.00,0.00
5.02,0.00,0.00,0.00,0.00,0.00,0.00,0.00,0.00,0.00,0.00,0.00,0.00,0.00,0.00,0.00,0.00,0.00,0.00,0.00
5.22,0.00,0.00,0.00,0.00,0.00,0.00,0.00,0.00,0.00,0.00,0.00,0.00,0.00,0.00,0.00,0.00,0.00,0.00,0.00
5.42,0.00,0.00,0.00,0.00,0.00,0.00,0.00,0.00,0.00,0.00,0.00,0.00,0.00,0.00,0.00,0.00,0.00,0.00,0.00
5.62,0.00,0.00,0.00,0.00,0.00,0.00,0.00,0.00,0.00,0.00,0.00,0.00,0.00,0.00,0.00,0.00,0.00,0.00,0.00
5.82,0.00,0.00,0.00,0.00,0.00,0.00,0.00,0.00,0.00,0.00,0.00,0.00,0.00,0.00,0.00,0.00,0.00,0.00,0.00
6.02,0.00,0.00,0.00,0.00,0.00,0.00,0.00,0.00,0.00,0.00,0.00,0.00,0.00,0.00,0.00,0.00,0.00,0.00,0.00
6.22,0.00,0.00,0.00,0.00,0.00,0.00,0.00,0.00,0.00,0.00,0.00,0.00,0.00,0.00,0.00,0.00,0.00,0.00,0.00
6.42,0.00,0.00,0.00,0.00,0.00,0.00,0.00,0.00,0.00,0.00,0.00,0.00,0.00,0.00,0.00,0.00,0.00,0.00,0.00
6.62,0.00,0.00,0.00,0.00,0.00,0.00,0.00,0.00,0.00,0.00,0.00,0.00,0.00,0.00,0.00,0.00,0.00,0.00,0.00
6.82,0.00,0.00,0.00,0.00,0.00,0.00,0.00,0.00,0.00,0.00,0.00,0.00,0.00,0.00,0.00,0.00,0.00,0.00,0.00
7.02,0.00,0.00,0.00,0.00,0.00,0.00,0.00,0.00,0.00,0.00,0.00,0.00,0.00,0.00,0.00,0.00,0.00,0.00,0.00
7.22,0.00,0.00,0.00,0.00,0.00,0.00,0.00,0.00,0.00,0.00,0.00,0.00,0.00,0.00,0.00,0.00,0.00,0.00,0.00
7.42,0.00,0.00,0.00,0.00,0.00,0.00,0.00,0.00,0.00,0.00,0.00,0.00,0.00,0.00,0.00,0.00,0.00,0.00,0.00
7.62,0.00,0.00,0.00,0.00,0.00,0.00,0.00,0.00,0.00,0.00,0.00,0.00,0.00,0.00,0.00,0.00,0.00,0.00,0.00
7.82,0.00,0.00,0.00,0.00,0.00,0.00,0.00,0.00,0.00,0.00,0.00,0.00,0.00,0.00,0.00,0.00,0.00,0.00,0.00
8.02,0.00,0.00,0.00,0.00,0.00,0.00,0.00,0.00,0.00,0.00,0.00,0.00,0.00,0.00,0.00,0.00,0.00,0.00,0.00
8.22,0.00,0.00,0.00,0.00,0.00,0.00,0.00,0.00,0.00,0.00,0.00,0.00,0.00,0.00,0.00,0.00,0.00,0.00,0.00
8.42,0.00,0.00,0.00,0.00,0.00,0.00,0.00,0.00,0.00,0.00,0.00,0.00,0.00,0.00,0.00,0.00,0.00,0.00,0.00
8.62,0.00,0.00,0.00,0.00,0.00,0.00,0.00,0.00,0.00,0.00,0.00,0.00,0.00,0.00,0.00,0.00,0.00,0.00,0.00
8.82,0.00,0.00,0.00,0.00,0.00,0.00,0.00,0.00,0.00,0.00,0.00,0.00,0.00,0.00,0.00,0.00,0.00,0.00,0.00
9.02,0.00,0.00,0.00,0.00,0.00,0.00,0.00,0.00,0.00,0.00,0.00,0.00,0.00,0.00,0.00,0.00,0.00,0.00,0.00
9.22,0.00,0.00,0.00,0.00,0.00,0.00,0.00,0.00,0.00,0.00,0.00,0.00,0.00,0.00,0.00,0.00,0.00,0.00,0.00
9.42,0.00,0.00,0.00,0.00,0.00,0.00,0.00,0.00,0.00,0.00,0.00,0.00,0.00,0.00,0.00,0.00,0.00,0.00,0.00
9.62,0.00,0.00,0.00,0.00,0.00,0.00,0.00,0.00,0.00,0.00,0.00,0.00,0.00,0.00,0.00,0.00,0.00,0.00,0.00
9.82,0.00,0.00,0.00,0.00,0.00,0.00,0.00,0.00,0.00,0.00,0.00,0.00,0.00,0.00,0.00,0.00,0.00,0.00,0.00
10.02,0.00,0.00,0.00,0.00,0.00,0.00,0.00,0.00,0.00,0.00,0.00,0.00,0.00,0.00,0.00,0.00,0.00,0.00,0.00
10.22,0.00,0.00,0.00,0.00,0.00,0.00,0.00,0.00,0.00,0.00,0.00,0.00,0.00,0.00,0.00,0.00,0.00,0.00,0.00
10.42,0.00,0.00,0.00,0.00,0.00,0.00,0.00,0.00,0.00,0.00,0.00,0.00,0.00,0.00,0.00,0.00,0.00,0.00,0.00
10.62,0.00,0.00,0.00,0.00,0.00,0.00,0.00,0.00,0.00,0.00,0.00,0.00,0.00,0.00,0.00,0.00,0.00,0.00,0.00
10.82,0.00,0.00,0.00,0.00,0.00,0.00,0.00,0.00,0.00,0.00,0.00,0.00,0.00,0.00,0.00,0.00,0.00,0.00,0.00
11.02,0.00,0.00,0.00,0.00,0.00,0.00,0.00,0.00,0.00,0.00,0.00,0.00,0.00,0.00,0.00,0.00,0.00,0.00,0.00
11.22,0.00,0.00,0.00,0.00,0.00,0.00,0.00,0.00,0.00,0.00,0.00,0.00,0.00,0.00,0.00,0.00,0.00,0.00,0.00
11.42,0.00,0.00,0.00,0.00,0.00,0.00,0.00,0.00,0.00,0.00,0.00,0.00,0.00,0.00,0.00,0.00,0.00,0.00,0.00
11.62,0.00,0.00,0.00,0.00,0.00,0.00,0.00,0.00,0.00,0.00,0.00,0.00,0.00,0.00,0.00,0.00,0.00,0.00,0.00
11.82,0.00,0.00,0.00,0.00,0.00,0.00,0.00,0.00,0.00,0.00,0.00,0.00,0.00,0.00,0.00,0.00,0.00,0.00,0.00
12.02,0.00,0.00,0.00,0.00,0.00,0.00,0.00,0.00,0.00,0.00,0.00,0.00,0.00,0.00,0.00,0.00,0.00,0.00,0.00
12.22,0.00,0.00,0.00,0.00,0.00,0.00,0.00,0.00,0.00,0.00,0.00,0.00,0.00,0.00,0.00,0.00,0.00,0.00,0.00
12.42,0.00,0.00,0.00,0.00,0.00,0.00,0.00,0.00,0.00,0.00,0.00,0.00,0.00,0.00,0.00,0.00,0.00,0.00,0.00
12.62,0.00,0.00,0.00,0.00,0.00,0.00,0.00,0.00,0.00,0.00,0.00,0.00,0.00,0.00,0.00,0.00,0.00,0.00,0.00
12.82,0.00,0.00,0.00,0.00,0.00,0.00,0.00,0.00,0.00,0.00,0.00,0.00,0.00,0.00,0.00,0.00,0.00,0.00,0.00
13.02,0.00,0.00,0.00,0.00,0.00,0.00,0.00,0.00,0.00,0.00,0.00,0.00,0.00,0.00,0.00,0.00,0.00,0.00,0.00
13.22,0.00,0.00,0.00,0.00,0.00,0.00,0.00,0.00,0.00,0.00,0.00,0.00,0.00,0.00,0.00,0.00,0.00,0.00,0.00
13.42,0.00,0.00,0.00,0.00,0.00,0.00,0.00,0.00,0.00,0.00,0.00,0.00,0.00,0.00,0.00,0.00,0.00,0.00,0.00
13.62,0.00,0.00,0.00,0.00,0.00,0.00,0.00,0.00,0.00,0.00,0.00,0.00,0.00,0.00,0.00,0.00,0.00,0.00,0.00
13.82,0.00,0.00,0.00,0.00,0.00,0.00,0.00,0.00,0.00,0.00,0.00,0.00,0.00,0.00,0.00,0.00,0.00,0.00,0.00
14.02,0.00,0.00,0.00,0.00,0.00,0.00,0.00,0.00,0.00,0.00,0.00,0.00,0.00,0.00,0.00,0.00,0.00,0.00,0.00
14.22,0.00,0.00,0.00,0.00,0.00,0.00,0.00,0.00,0.00,0.00,0.00,0.00,0.00,0.00,0.00,0.00,0.00,0.00,0.00
14.42,0.00,0.00,0.00,0.00,0.00,0.00,0.00,0.00,0.00,0.00,0.00,0.00,0.00,0.00,0.00,0.00,0.00,0.00,0.00
14.62,0.00,0.00,0.00,0.00,0.00,0.00,0.00,0.00,0.00,0.00,0.00,0.00,0.00,0.00,0.00,0.00,0.00,0.00,0.00
14.82,0.00,0.00,0.00,0.00,0.00,0.00,0.00,0.00,0.00,0.00,0.00,0.00,0.00,0.00,0.00,0.00,0.00,0.00,0.00
15.02,0.00,0.00,0.00,0.00,0.00,0.00,0.00,0.00,0.00,0.00,0.00,0.00,0.00,0.00,0.00,0.00,0.00,0.00,0.00
15.22,0.00,0.00,0.00,0.00,0.00,0.00,0.00,0.00,0.00,0.00,0.00,0.00,0.00,0.00,0.00,0.00,0.00,0.00,0.00
15.42,0.00,0.00,0.00,0.00,0.00,0.00,0.00,0.00,0.00,0.00,0.00,0.00,0.00,0.00,0.00,0.00,0.00,0.00,0.00
15.62,0.00,0.00,0.00,0.00,0.00,0.00,0.00,0.00,0.00,0.00,0.00,0.00,0.00,0.00,0.00,0.00,0.00,0.00,0.00
15.82,0.00,0.00,0.00,0.00,0.00,0.00,0.00,0.00,0.00,0.00,0.00,0.00,0.00,0.00,0.00,0.00,0.00,0.00,0.00
16.02,0.00,0.00,0.00,0.00,0.00,0.00,0.00,0.00,0.00,0.00,0.00,0.00,0.00,0.00,0.00,0.00,0.00,0.00,0.00
16.22,0.00,0.00,0.00,0.00,0.00,0.00,0.00,0.00,0.00,0.00,0.00,0.00,0.00,0.00,0.00,0.00,0.00,0.00,0.00
16.42,0.00,0.00,0.00,0.00,0.00,0.00,0.00,0.00,0.00,0.00,0.00,0.00,0.00,0.00,0.00,0.00,0.00,0.00,0.00
16.62,0.00,0.00,0.00,0.00,0.00,0.00,0.00,0.00,0.00,0.00,0.00,0.00,0.00,0.00,0.00,0.00,0.00,0.00,0.00
16.82,0.00,0.00,0.00,0.00,0.00,0.00,0.00,0.00,0.00,0.00,0.00,0.00,0.00,0.00,0.00,0.00,0.00,0.00,0.00
17.02,0.00,0.00,0.00,0.00,0.00,0.00,0.00,0.00,0.00,0.00,0.00,0.00,0.00,0.00,0.00,0.00,0.00,0.00,0.00
17.22,0.00,0.00,0.00,0.00,0.00,0.00,0.00,0.00,0.00,0.00,0.00,0.00,0.00,0.00,0.00,0.00,0.00,0.00,0.00
17.42,0.00,0.00,0.00,0.00,0.00,0.00,0.00,0.00,0.00,0.00,0.00,0.00,0.00,0.00,0.00,0.00,0.00,0.00,0.00
17.62,0.00,0.00,0.00,0.00,0.00,0.00,0.00,0.00,0.00,0.00,0.00,0.00,0.00,0.00,0.00,0.00,0.00,0.00,0.00
17.82,0.00,0.00,0.00,0.00,0.00,0.00,0.00,0.00,0.00,0.00,0.00,0.00,0.00,0.00,0.00,0.00,0.00,0.00,0.00
18.02,0.00,0.00,0.00,0.00,0.00,0.00,0.00,0.00,0.00,0.00,0.00,0.00,0.00,0.00,0.00,0.00,0.00,0.00,0.00
18.22,0.00,0.00,0.00,0.00,0.00,0.00,0.00,0.00,0.00,0.00,0.00,0.00,0.00,0.00,0.00,0.00,0.00,0.00,0.00
18.42,0.00,0.00,0.00,0.00,0.00,0.00,0.00,0.00,0.00,0.00,0.00,0.00,0.00,0.00,0.00,0.00,0.00,0.00,0.00
18.62,0.00,0.00,0.00,0.00,0.00,0.00,0.00,0.00,0.00,0.00,0.00,0.00,0.00,0.00,0.00,0.00,0.00,0.00,0.00
18.82,0.00,0.00,0.00,0.00,0.00,0.00,0.00,0.00,0.00,0.00,0.00,0.00,0.00,0.00,0.00,0.00,0.00,0.00,0.00
19.02,0.00,0.00,0.00,0.00,0.00,0.00,0.00,0.00,0.00,0.00,0.00,0.00,0.00,0.00,0.00,0.00,0.00,0.00,0.00
19.22,0.00,0.00,0.00,0.00,0.00,0.00,0.00,0.00,0.00,0.00,0.00,0.00,0.00,0.00,0.00,0.00,0.00,0.00,0.00
19.42,0.00,0.00,0.00,0.00,0.00,0.00,0.00,0.00,0.00,0.00,0.00,0.00,0.00,0.00,0.00,0.00,0.00,0.00,0.00
19.63,0.00,0.00,0.00,0.00,0.00,0.00,0.00,0.00,0.00,0.00,0.00,0.00,0.00,0.00,0.00,0.00,0.00,0.00,0.00
19.83,0.00,0.00,0.00,0.00,0.00,0.00,0.00,0.00,0.00,0.00,0.00,0.00,0.00,0.00,0.00,0.00,0.00,0.00,0.00
20.03,-1024.02,29.32,1206.93,0.99,-0.13,0.08,-1027.66,30.05,1203.81,-0.23,0.11,-0.97,-1027.66,30.05,1203.81,-0.23,0.11,-0.97,2.91
20.23,-1061.08,28.81,1257.96,0.99,-0.11,-0.01,-1064.75,29.46,1254.84,-0.15,0.09,-0.98,-1064.75,29.46,1254.84,-0.15,0.09,-0.98,2.99
20.43,-999.27,29.07,1181.42,-0.17,-0.03,-0.99,-995.32,29.20,1184.75,1.00,0.01,-0.00,-999.27,29.07,1181.42,-0.17,-0.03,-0.99,2.97
20.63,-1046.09,26.32,1250.70,0.99,-0.07,-0.08,-1049.87,26.74,1247.52,-0.09,0.05,-0.99,-1049.87,26.74,1247.52,-0.09,0.05,-0.99,3.05
20.83,-1036.34,25.55,1241.85,0.99,-0.07,-0.12,-1040.15,25.98,1238.65,-0.06,0.05,-1.00,-1040.15,25.98,1238.65,-0.06,0.05,-1.00,3.09
21.03,-1021.85,24.88,1234.89,0.99,-0.09,-0.12,-1025.71,25.42,1231.68,-0.07,0.06,-1.00,-1025.71,25.42,1231.68,-0.07,0.06,-1.00,3.07
21.23,-1014.22,24.73,1242.51,0.98,-0.04,-0.18,-1018.06,24.98,1239.36,-0.02,0.02,-1.00,-1018.06,24.98,1239.36,-0.02,0.02,-1.00,3.13
21.43,-993.64,23.88,1237.47,0.98,-0.07,-0.19,-997.55,24.30,1234.31,-0.02,0.04,-1.00,-997.55,24.30,1234.31,-0.02,0.04,-1.00,3.12
21.63,-978.42,23.31,1247.32,0.97,-0.03,-0.24,-982.32,23.43,1244.25,0.00,0.00,-1.00,-982.32,23.43,1244.25,0.00,0.00,-1.00,3.14
21.83,-943.57,23.01,1241.78,0.96,-0.07,-0.27,-947.51,23.47,1238.76,0.01,0.04,-1.00,-947.51,23.47,1238.76,0.01,0.04,-1.00,3.15
22.03,-929.78,22.40,1263.20,0.93,-0.07,-0.35,-933.54,22.88,1260.42,0.07,0.04,-1.00,-933.54,22.88,1260.42,0.07,0.04,-1.00,3.21
22.23,-900.64,21.81,1264.11,0.91,-0.08,-0.41,-904.32,22.40,1261.47,0.09,0.05,-0.99,-904.32,22.40,1261.47,0.09,0.05,-0.99,3.23
22.43,-873.46,21.27,1269.87,0.89,-0.09,-0.46,-877.02,22.03,1267.40,0.11,0.07,-0.99,-877.02,22.03,1267.40,0.11,0.07,-0.99,3.26
22.63,-839.23,21.41,1265.02,0.87,-0.10,-0.48,-842.84,22.23,1262.61,0.11,0.07,-0.99,-842.84,22.23,1262.61,0.11,0.07,-0.99,3.25
22.83,-817.35,22.00,1278.17,0.84,-0.12,-0.53,-820.73,23.04,1275.98,0.14,0.09,-0.99,-820.73,23.04,1275.98,0.14,0.09,-0.99,3.28
23.03,-805.97,22.34,1302.95,0.76,-0.19,-0.62,-808.61,24.11,1301.28,0.22,0.17,-0.96,-808.61,24.11,1301.28,0.22,0.17,-0.96,3.37
23.23,-781.40,22.67,1321.50,0.64,-0.10,-0.76,-782.90,23.53,1320.60,0.36,0.07,-0.93,-782.90,23.53,1320.60,0.36,0.07,-0.93,3.51
23.43,-732.17,23.43,1293.63,0.54,-0.32,-0.78,-732.94,26.59,1293.13,0.39,0.29,-0.87,-732.94,26.59,1293.13,0.39,0.29,-0.87,3.56
23.63,-693.79,20.79,1290.19,0.58,-0.12,-0.81,-694.96,21.90,1289.54,0.36,0.09,-0.93,-694.96,21.90,1289.54,0.36,0.09,-0.93,3.51
23.83,-647.94,19.91,1285.11,0.50,-0.19,-0.85,-648.52,21.83,1284.78,0.39,0.16,-0.91,-648.52,21.83,1284.78,0.39,0.16,-0.91,3.55
24.03,-600.46,19.68,1290.90,0.32,0.03,-0.95,-599.34,19.17,1291.43,0.52,-0.06,-0.85,-600.46,19.68,1290.90,0.32,0.03,-0.95,3.47
24.23,-542.89,18.40,1291.11,0.19,0.01,-0.98,-540.77,18.15,1292.00,0.57,-0.03,-0.82,-542.89,18.40,1291.11,0.19,0.01,-0.98,3.33
24.43,-477.75,18.01,1288.95,0.58,0.06,-0.81,-480.49,17.19,1287.94,0.10,-0.08,-0.99,-480.49,17.19,1287.94,0.10,-0.08,-0.99,3.24
24.63,-413.08,18.12,1285.13,0.54,0.11,-0.83,-415.93,16.75,1284.23,0.05,-0.13,-0.99,-415.93,16.75,1284.23,0.05,-0.13,-0.99,3.19
24.83,-352.31,16.23,1292.01,-0.01,-0.10,-1.00,-349.29,17.21,1292.82,0.51,0.07,-0.86,-352.31,16.23,1292.01,-0.01,-0.10,-1.00,3.13
25.03,-285.87,17.21,1306.33,0.41,0.08,-0.91,-288.19,16.12,1305.83,0.01,-0.10,-0.99,-288.19,16.12,1305.83,0.01,-0.10,-0.99,3.15
25.23,-218.74,15.36,1303.39,-0.09,-0.14,-0.99,-215.84,16.87,1303.86,0.40,0.12,-0.91,-218.74,15.36,1303.39,-0.09,-0.14,-0.99,3.05
25.43,-152.30,16.03,1309.90,-0.18,-0.08,-0.98,-148.89,16.88,1310.28,0.40,0.06,-0.91,-152.30,16.03,1309.90,-0.18,-0.08,-0.98,2.96
25.63,-89.02,15.90,1302.39,-0.23,-0.09,-0.97,-85.53,16.80,1302.61,0.36,0.06,-0.93,-89.02,15.90,1302.39,-0.23,-0.09,-0.97,2.91
25.83,-24.69,17.54,1284.99,0.36,0.09,-0.93,-28.75,16.36,1284.92,-0.33,-0.11,-0.94,-28.75,16.36,1284.92,-0.33,-0.11,-0.94,2.81
26.03,31.34,17.64,1282.81,0.30,0.10,-0.95,27.47,16.33,1282.92,-0.35,-0.12,-0.93,27.47,16.33,1282.92,-0.35,-0.12,-0.93,2.78
26.23,82.10,17.82,1276.42,0.26,0.03,-0.97,78.27,17.35,1276.67,-0.38,-0.05,-0.92,78.27,17.35,1276.67,-0.38,-0.05,-0.92,2.75
26.43,126.64,17.92,1272.21,-0.38,-0.02,-0.92,130.14,17.96,1271.85,0.19,-0.01,-0.98,126.64,17.92,1272.21,-0.38,-0.02,-0.92,2.75
26.63,173.20,18.95,1264.05,0.10,0.04,-0.99,170.30,18.27,1264.45,-0.37,-0.07,-0.93,170.30,18.27,1264.45,-0.37,-0.07,-0.93,2.77
26.83,208.82,20.92,1238.11,0.13,0.09,-0.99,205.32,19.68,1238.72,-0.44,-0.12,-0.89,205.32,19.68,1238.72,-0.44,-0.12,-0.89,2.68
27.03,239.86,22.12,1224.14,0.06,0.13,-0.99,236.86,20.31,1224.75,-0.42,-0.16,-0.89,236.86,20.31,1224.75,-0.42,-0.16,-0.89,2.70
27.23,265.64,22.60,1207.17,0.03,0.12,-0.99,262.68,20.92,1207.85,-0.44,-0.15,-0.88,262.68,20.92,1207.85,-0.44,-0.15,-0.88,2.68
27.43,285.48,20.66,1202.60,-0.37,-0.22,-0.90,287.29,23.20,1202.12,-0.08,0.18,-0.98,285.48,20.66,1202.60,-0.37,-0.22,-0.90,2.76
27.63,297.37,21.25,1180.89,-0.39,-0.21,-0.90,299.33,23.78,1180.35,-0.08,0.18,-0.98,297.37,21.25,1180.89,-0.39,-0.21,-0.90,2.73
27.83,311.58,24.12,1175.05,-0.02,0.10,-0.99,308.63,22.61,1175.86,-0.47,-0.14,-0.87,308.63,22.61,1175.86,-0.47,-0.14,-0.87,2.64
28.03,316.79,24.79,1162.15,0.01,0.03,-1.00,313.42,24.09,1163.08,-0.51,-0.07,-0.86,313.42,24.09,1163.08,-0.51,-0.07,-0.86,2.60
28.23,316.19,25.84,1144.85,-0.01,0.09,-1.00,312.95,24.34,1145.78,-0.50,-0.13,-0.85,312.95,24.34,1145.78,-0.50,-0.13,-0.85,2.61
28.43,313.02,26.80,1136.56,-0.02,0.09,-1.00,309.88,25.31,1137.45,-0.49,-0.13,-0.86,309.88,25.31,1137.45,-0.49,-0.13,-0.86,2.62
28.63,303.79,26.77,1124.32,-0.01,0.05,-1.00,300.55,25.75,1125.21,-0.49,-0.10,-0.87,300.55,25.75,1125.21,-0.49,-0.10,-0.87,2.62
28.83,288.69,27.34,1108.51,-0.07,0.10,-0.99,286.26,25.64,1109.18,-0.42,-0.15,-0.90,286.26,25.64,1109.18,-0.42,-0.15,-0.90,2.70
29.03,272.93,27.84,1095.43,-0.04,0.14,-0.99,270.25,25.61,1096.14,-0.43,-0.18,-0.89,270.25,25.61,1096.14,-0.43,-0.18,-0.89,2.69
29.23,250.63,28.78,1075.06,-0.00,0.18,-0.98,247.65,25.93,1075.82,-0.43,-0.23,-0.87,247.65,25.93,1075.82,-0.43,-0.23,-0.87,2.69
29.43,229.12,29.22,1066.10,0.03,0.14,-0.99,225.83,26.91,1066.86,-0.43,-0.19,-0.88,225.83,26.91,1066.86,-0.43,-0.19,-0.88,2.69
29.63,206.88,29.38,1066.33,0.02,0.13,-0.99,203.94,27.10,1066.96,-0.39,-0.18,-0.90,203.94,27.10,1066.96,-0.39,-0.18,-0.90,2.74
29.83,181.25,29.56,1057.91,0.03,0.12,-0.99,178.44,27.41,1058.45,-0.35,-0.17,-0.92,178.44,27.41,1058.45,-0.35,-0.17,-0.92,2.77
30.03,153.11,27.80,1055.77,-0.29,-0.17,-0.94,155.24,29.97,1055.40,0.00,0.12,-0.99,153.11,27.80,1055.77,-0.29,-0.17,-0.94,2.85
30.23,127.73,30.37,1047.17,0.01,0.11,-0.99,125.73,28.31,1047.47,-0.25,-0.16,-0.95,125.73,28.31,1047.47,-0.25,-0.16,-0.95,2.88
30.43,100.18,31.01,1032.01,0.08,0.11,-0.99,97.58,28.95,1032.32,-0.26,-0.16,-0.95,100.18,31.01,1032.01,0.08,0.11,-0.99,3.22
30.63,73.31,31.35,1022.25,0.09,0.09,-0.99,70.82,29.46,1022.48,-0.23,-0.15,-0.96,73.31,31.35,1022.25,0.09,0.09,-0.99,3.23
30.83,47.38,31.66,1013.26,0.06,0.09,-0.99,45.79,29.81,1013.39,-0.15,-0.15,-0.98,47.38,31.66,1013.26,0.06,0.09,-0.99,3.20
31.03,24.85,32.50,1002.56,0.13,0.07,-0.99,22.36,30.85,1002.67,-0.18,-0.14,-0.97,24.85,32.50,1002.56,0.13,0.07,-0.99,3.28
31.23,3.82,33.11,994.17,0.12,0.06,-0.99,1.79,31.62,994.23,-0.13,-0.12,-0.98,3.82,33.11,994.17,0.12,0.06,-0.99,3.27
31.43,-17.33,32.41,981.66,-0.12,-0.09,-0.99,-15.19,33.41,981.66,0.15,0.03,-0.99,-17.33,32.41,981.66,-0.12,-0.09,-0.99,3.03
31.63,-33.10,32.75,964.76,-0.09,-0.15,-0.98,-31.04,34.66,964.76,0.16,0.08,-0.98,-33.10,32.75,964.76,-0.09,-0.15,-0.98,3.05
31.83,-46.21,34.00,960.58,-0.04,-0.07,-1.00,-44.77,34.66,960.63,0.13,0.00,-0.99,-46.21,34.00,960.58,-0.04,-0.07,-1.00,3.10
32.03,-56.12,33.98,943.70,0.02,-0.17,-0.99,-55.54,36.19,943.65,0.09,0.09,-0.99,-56.12,33.98,943.70,0.02,-0.17,-0.99,3.17
32.23,-63.72,35.66,939.29,0.03,-0.10,-0.99,-63.05,36.70,939.30,0.11,0.02,-0.99,-63.72,35.66,939.29,0.03,-0.10,-0.99,3.17
32.43,-68.34,36.11,928.20,0.04,-0.12,-0.99,-67.73,37.57,928.19,0.11,0.05,-0.99,-68.34,36.11,928.20,0.04,-0.12,-0.99,3.18
32.63,-70.67,36.09,910.28,0.05,-0.19,-0.98,-70.17,38.63,910.21,0.10,0.10,-0.99,-70.67,36.09,910.28,0.05,-0.19,-0.98,3.19
32.83,-70.04,36.97,905.04,0.10,-0.14,-0.98,-70.46,38.80,904.93,0.05,0.06,-1.00,-70.46,38.80,904.93,0.05,0.06,-1.00,3.20
33.03,-67.60,37.13,890.09,0.10,-0.18,-0.98,-68.07,39.56,889.95,0.05,0.09,-0.99,-68.07,39.56,889.95,0.05,0.09,-0.99,3.19
33.23,-62.54,37.30,879.27,0.13,-0.21,-0.97,-63.61,40.24,879.06,0.01,0.12,-0.99,-63.61,40.24,879.06,0.01,0.12,-0.99,3.15
33.43,-57.04,38.34,872.46,0.10,-0.18,-0.98,-57.60,40.74,872.31,0.03,0.09,-1.00,-57.60,40.74,872.31,0.03,0.09,-1.00,3.18
33.63,-49.15,37.28,852.46,0.12,-0.27,-0.96,-50.31,41.38,852.21,-0.01,0.18,-0.98,-49.15,37.28,852.46,0.12,-0.27,-0.96,3.27
33.83,-40.69,38.04,843.48,0.14,-0.24,-0.96,-42.46,41.65,843.23,-0.05,0.15,-0.99,-40.69,38.04,843.48,0.14,-0.24,-0.96,3.29
34.03,-31.92,37.88,830.79,0.10,-0.28,-0.96,-33.05,42.28,830.53,-0.02,0.19,-0.98,-31.92,37.88,830.79,0.10,-0.28,-0.96,3.24
34.23,-22.16,38.23,821.99,0.09,-0.28,-0.96,-23.29,42.69,821.74,-0.03,0.19,-0.98,-22.16,38.23,821.99,0.09,-0.28,-0.96,3.23
34.43,-13.84,42.87,813.94,-0.07,0.17,-0.98,-12.20,38.60,814.18,0.10,-0.27,-0.96,-12.20,38.60,814.18,0.10,-0.27,-0.96,3.25
34.63,-3.95,43.55,807.51,-0.05,0.16,-0.99,-2.95,39.46,807.73,0.06,-0.26,-0.96,-2.95,39.46,807.73,0.06,-0.26,-0.96,3.20
34.83,5.75,44.28,806.03,0.01,0.12,-0.99,5.48,40.84,806.21,-0.02,-0.23,-0.97,5.75,44.28,806.03,0.01,0.12,-0.99,3.15
35.03,13.21,41.06,796.73,0.04,-0.23,-0.97,12.07,44.56,796.56,-0.07,0.12,-0.99,13.21,41.06,796.73,0.04,-0.23,-0.97,3.18
35.23,19.67,41.49,788.14,0.02,-0.25,-0.97,18.77,45.38,787.95,-0.07,0.14,-0.99,19.67,41.49,788.14,0.02,-0.25,-0.97,3.16
35.43,25.76,42.99,786.24,-0.03,-0.19,-0.98,25.77,45.82,786.08,-0.03,0.08,-1.00,25.77,45.82,786.08,-0.03,0.08,-1.00,3.11
35.63,31.59,46.40,782.34,0.01,0.05,-1.00,30.51,44.13,782.51,-0.09,-0.17,-0.98,31.59,46.40,782.34,0.01,0.05,-1.00,3.16
35.83,35.66,47.24,774.01,0.03,0.07,-1.00,34.04,44.58,774.24,-0.12,-0.19,-0.97,35.66,47.24,774.01,0.03,0.07,-1.00,3.18
36.03,37.84,47.98,767.92,0.01,0.06,-1.00,36.68,45.49,768.13,-0.10,-0.18,-0.98,37.84,47.98,767.92,0.01,0.06,-1.00,3.15
36.23,39.48,48.61,759.36,0.03,0.08,-1.00,37.80,45.61,759.63,-0.13,-0.20,-0.97,39.48,48.61,759.36,0.03,0.08,-1.00,3.17
36.43,39.88,49.21,752.57,0.05,0.08,-1.00,37.79,46.26,752.87,-0.15,-0.20,-0.97,39.88,49.21,752.57,0.05,0.08,-1.00,3.19
36.63,39.35,49.50,747.31,0.05,0.06,-1.00,37.17,46.83,747.60,-0.15,-0.19,-0.97,39.35,49.50,747.31,0.05,0.06,-1.00,3.19
36.83,37.22,50.04,735.17,0.07,0.08,-0.99,34.73,46.84,735.50,-0.16,-0.21,-0.96,37.22,50.04,735.17,0.07,0.08,-0.99,3.21
37.03,35.29,50.24,728.49,0.08,0.08,-0.99,32.48,47.01,728.83,-0.18,-0.21,-0.96,35.29,50.24,728.49,0.08,0.08,-0.99,3.23
37.23,32.35,50.80,719.32,0.12,0.08,-0.99,28.87,47.59,719.69,-0.20,-0.21,-0.96,32.35,50.80,719.32,0.12,0.08,-0.99,3.26
37.43,29.10,51.17,713.71,0.12,0.07,-0.99,25.59,48.21,714.05,-0.20,-0.20,-0.96,29.10,51.17,713.71,0.12,0.07,-0.99,3.26
37.63,24.96,51.87,707.60,0.11,0.07,-0.99,21.86,48.70,707.92,-0.17,-0.21,-0.96,24.96,51.87,707.60,0.11,0.07,-0.99,3.25
37.83,21.10,52.20,698.41,0.12,0.07,-0.99,17.68,48.97,698.74,-0.18,-0.21,-0.96,21.10,52.20,698.41,0.12,0.07,-0.99,3.27
38.03,17.66,52.55,687.51,0.16,0.09,-0.98,13.59,48.87,687.88,-0.20,-0.23,-0.95,17.66,52.55,687.51,0.16,0.09,-0.98,3.30
38.24,13.55,52.87,677.86,0.15,0.11,-0.98,9.60,48.77,678.24,-0.19,-0.25,-0.95,13.55,52.87,677.86,0.15,0.11,-0.98,3.30
38.44,9.90,53.25,673.70,0.15,0.08,-0.98,6.02,49.64,674.02,-0.18,-0.23,-0.96,9.90,53.25,673.70,0.15,0.08,-0.98,3.30
38.64,6.14,54.04,665.50,0.16,0.08,-0.98,2.11,50.28,665.82,-0.18,-0.24,-0.96,6.14,54.04,665.50,0.16,0.08,-0.98,3.31
38.84,2.82,54.27,658.13,0.17,0.07,-0.98,-1.35,50.72,658.42,-0.18,-0.23,-0.96,2.82,54.27,658.13,0.17,0.07,-0.98,3.32
39.04,-0.17,55.17,651.28,0.15,0.10,-0.98,-3.83,50.89,651.62,-0.15,-0.26,-0.96,-0.17,55.17,651.28,0.15,0.10,-0.98,3.30
39.24,-2.33,54.62,642.45,0.18,0.07,-0.98,-6.59,51.04,642.72,-0.17,-0.23,-0.96,-2.33,54.62,642.45,0.18,0.07,-0.98,3.32
39.44,-4.11,55.35,635.39,0.18,0.08,-0.98,-8.41,51.42,635.68,-0.16,-0.24,-0.96,-4.11,55.35,635.39,0.18,0.08,-0.98,3.33
39.64,-5.28,55.51,626.67,0.20,0.07,-0.98,-9.92,51.66,626.94,-0.17,-0.24,-0.96,-5.28,55.51,626.67,0.20,0.07,-0.98,3.34
39.84,-6.16,56.31,621.52,0.18,0.08,-0.98,-10.45,52.20,621.82,-0.16,-0.25,-0.96,-6.16,56.31,621.52,0.18,0.08,-0.98,3.33
40.04,-6.80,56.75,614.76,0.17,0.08,-0.98,-10.85,52.50,615.08,-0.14,-0.25,-0.96,-6.80,56.75,614.76,0.17,0.08,-0.98,3.32
40.24,-6.57,57.07,609.20,0.18,0.06,-0.98,-10.77,53.33,609.48,-0.15,-0.23,-0.96,-6.57,57.07,609.20,0.18,0.06,-0.98,3.32
40.44,-6.33,57.62,602.05,0.17,0.07,-0.98,-10.37,53.41,602.38,-0.14,-0.25,-0.96,-6.33,57.62,602.05,0.17,0.07,-0.98,3.31
40.64,-5.16,57.51,593.79,0.18,0.07,-0.98,-9.59,53.24,594.13,-0.16,-0.25,-0.96,-5.16,57.51,593.79,0.18,0.07,-0.98,3.32
40.84,-3.88,57.78,588.11,0.19,0.06,-0.98,-8.64,53.79,588.44,-0.17,-0.24,-0.96,-3.88,57.78,588.11,0.19,0.06,-0.98,3.33
41.04,-2.64,58.00,581.28,0.19,0.05,-0.98,-7.64,54.19,581.60,-0.18,-0.23,-0.96,-2.64,58.00,581.28,0.19,0.05,-0.98,3.34
41.24,-1.70,58.60,577.48,0.17,0.05,-0.98,-6.10,54.77,577.83,-0.15,-0.24,-0.96,-1.70,58.60,577.48,0.17,0.05,-0.98,3.31
41.44,-0.61,58.69,569.47,0.18,0.04,-0.98,-5.51,54.84,569.83,-0.17,-0.24,-0.96,-0.61,58.69,569.47,0.18,0.04,-0.98,3.33
41.64,0.74,58.88,563.57,0.18,0.04,-0.98,-4.19,55.06,563.94,-0.17,-0.23,-0.96,0.74,58.88,563.57,0.18,0.04,-0.98,3.32
41.84,2.08,58.99,557.65,0.18,0.03,-0.98,-3.06,55.39,558.01,-0.18,-0.23,-0.96,2.08,58.99,557.65,0.18,0.03,-0.98,3.33
42.04,3.70,59.13,551.18,0.20,0.02,-0.98,-2.03,55.62,551.55,-0.20,-0.22,-0.95,3.70,59.13,551.18,0.20,0.02,-0.98,3.34
42.24,4.84,59.62,545.69,0.19,0.03,-0.98,-0.59,55.77,546.11,-0.19,-0.24,-0.95,4.84,59.62,545.69,0.19,0.03,-0.98,3.33
42.44,6.09,59.65,539.29,0.19,0.02,-0.98,0.41,56.05,539.71,-0.20,-0.23,-0.95,6.09,59.65,539.29,0.19,0.02,-0.98,3.33
42.64,6.87,59.90,534.49,0.17,0.01,-0.98,1.51,56.41,534.91,-0.19,-0.22,-0.96,6.87,59.90,534.49,0.17,0.01,-0.98,3.32
42.84,8.00,60.04,528.45,0.18,0.01,-0.98,2.26,56.47,528.90,-0.20,-0.23,-0.95,8.00,60.04,528.45,0.18,0.01,-0.98,3.33
43.04,9.01,60.53,521.42,0.19,0.03,-0.98,2.90,56.33,521.96,-0.22,-0.25,-0.94,9.01,60.53,521.42,0.19,0.03,-0.98,3.34
43.24,9.19,60.61,517.11,0.17,0.03,-0.98,3.58,56.41,517.66,-0.20,-0.25,-0.95,9.19,60.61,517.11,0.17,0.03,-0.98,3.32
43.44,9.69,60.87,511.24,0.19,0.03,-0.98,3.55,56.63,511.81,-0.21,-0.25,-0.94,9.69,60.87,511.24,0.19,0.03,-0.98,3.33
43.64,9.55,60.93,505.52,0.19,0.03,-0.98,3.35,56.70,506.10,-0.21,-0.25,-0.94,9.55,60.93,505.52,0.19,0.03,-0.98,3.33
43.84,9.87,61.19,500.56,0.19,0.03,-0.98,3.47,56.87,501.15,-0.22,-0.25,-0.94,9.87,61.19,500.56,0.19,0.03,-0.98,3.34
44.04,9.23,61.27,496.29,0.18,0.02,-0.98,3.32,57.16,496.85,-0.20,-0.25,-0.95,9.23,61.27,496.29,0.18,0.02,-0.98,3.32
44.24,9.06,61.67,490.41,0.18,0.03,-0.98,2.92,57.10,491.04,-0.21,-0.26,-0.94,9.06,61.67,490.41,0.18,0.03,-0.98,3.32
44.44,8.94,61.83,485.58,0.19,0.03,-0.98,2.48,57.17,486.23,-0.21,-0.26,-0.94,8.94,61.83,485.58,0.19,0.03,-0.98,3.33
44.64,8.62,62.02,480.94,0.20,0.03,-0.98,1.82,57.17,481.61,-0.22,-0.27,-0.94,8.62,62.02,480.94,0.20,0.03,-0.98,3.34
44.84,7.93,62.21,477.18,0.20,0.02,-0.98,1.24,57.53,477.83,-0.21,-0.26,-0.94,7.93,62.21,477.18,0.20,0.02,-0.98,3.34
45.04,7.04,62.40,473.09,0.20,0.02,-0.98,0.19,57.67,473.74,-0.22,-0.27,-0.94,7.04,62.40,473.09,0.20,0.02,-0.98,3.34
45.24,6.21,62.53,468.32,0.21,0.03,-0.98,-0.79,57.56,469.00,-0.22,-0.27,-0.94,6.21,62.53,468.32,0.21,0.03,-0.98,3.35
45.44,5.31,62.72,463.86,0.21,0.03,-0.98,-1.82,57.50,464.56,-0.22,-0.28,-0.94,5.31,62.72,463.86,0.21,0.03,-0.98,3.35
45.64,4.21,62.92,460.41,0.21,0.03,-0.98,-2.87,57.82,461.09,-0.21,-0.28,-0.94,4.21,62.92,460.41,0.21,0.03,-0.98,3.35
45.84,2.92,63.09,456.49,0.21,0.02,-0.98,-4.01,58.04,457.15,-0.20,-0.28,-0.94,2.92,63.09,456.49,0.21,0.02,-0.98,3.35
46.04,1.86,63.28,452.05,0.21,0.02,-0.98,-5.27,58.12,452.72,-0.20,-0.28,-0.94,1.86,63.28,452.05,0.21,0.02,-0.98,3.35
46.24,0.78,63.52,448.34,0.22,0.02,-0.97,-6.75,58.33,449.00,-0.21,-0.28,-0.94,0.78,63.52,448.34,0.22,0.02,-0.97,3.37
46.44,-0.54,63.95,444.52,0.22,0.03,-0.98,-7.76,58.33,445.22,-0.20,-0.29,-0.94,-0.54,63.95,444.52,0.22,0.03,-0.98,3.36
46.64,-1.84,63.96,440.60,0.22,0.02,-0.98,-9.13,58.57,441.26,-0.20,-0.29,-0.94,-1.84,63.96,440.60,0.22,0.02,-0.98,3.36
46.84,-3.11,64.26,437.08,0.22,0.03,-0.98,-10.36,58.61,437.76,-0.19,-0.29,-0.94,-3.11,64.26,437.08,0.22,0.03,-0.98,3.36
47.04,-4.32,64.50,433.41,0.23,0.03,-0.97,-11.75,58.69,434.10,-0.19,-0.30,-0.94,-4.32,64.50,433.41,0.23,0.03,-0.97,3.37
47.24,-5.35,64.65,429.78,0.23,0.03,-0.97,-12.79,58.71,430.47,-0.19,-0.30,-0.93,-5.35,64.65,429.78,0.23,0.03,-0.97,3.37
47.44,-5.96,64.93,426.06,0.23,0.03,-0.97,-13.55,58.72,426.79,-0.19,-0.31,-0.93,-5.96,64.93,426.06,0.23,0.03,-0.97,3.38
47.64,-6.71,65.08,422.98,0.23,0.03,-0.97,-14.13,58.78,423.72,-0.18,-0.31,-0.93,-6.71,65.08,422.98,0.23,0.03,-0.97,3.37
47.84,-7.46,65.07,420.21,0.22,0.03,-0.97,-14.79,58.96,420.92,-0.17,-0.31,-0.94,-7.46,65.07,420.21,0.22,0.03,-0.97,3.37
48.04,-7.74,65.28,416.98,0.23,0.03,-0.97,-15.33,59.02,417.70,-0.18,-0.31,-0.93,-7.74,65.28,416.98,0.23,0.03,-0.97,3.38
48.24,-7.97,65.47,413.94,0.24,0.03,-0.97,-15.76,59.15,414.66,-0.18,-0.31,-0.93,-7.97,65.47,413.94,0.24,0.03,-0.97,3.38
48.44,-8.34,65.44,411.30,0.23,0.02,-0.97,-15.99,59.36,412.00,-0.18,-0.31,-0.94,-8.34,65.44,411.30,0.23,0.02,-0.97,3.38
48.64,-8.50,65.72,408.10,0.23,0.03,-0.97,-16.22,59.27,408.86,-0.18,-0.32,-0.93,-8.50,65.72,408.10,0.23,0.03,-0.97,3.38
48.84,-8.61,65.59,405.57,0.23,0.02,-0.97,-16.24,59.34,406.30,-0.17,-0.31,-0.93,-8.61,65.59,405.57,0.23,0.02,-0.97,3.37
49.04,-8.73,65.73,402.80,0.23,0.02,-0.97,-16.35,59.30,403.56,-0.17,-0.32,-0.93,-8.73,65.73,402.80,0.23,0.02,-0.97,3.37
49.24,-8.59,65.82,400.43,0.23,0.02,-0.97,-16.34,59.45,401.18,-0.17,-0.31,-0.93,-8.59,65.82,400.43,0.23,0.02,-0.97,3.37
49.44,-8.37,65.93,397.84,0.23,0.02,-0.97,-16.06,59.44,398.63,-0.17,-0.32,-0.93,-8.37,65.93,397.84,0.23,0.02,-0.97,3.37
49.65,-7.92,65.99,395.58,0.23,0.01,-0.97,-15.67,59.54,396.38,-0.17,-0.32,-0.93,-7.92,65.99,395.58,0.23,0.01,-0.97,3.37
49.85,-7.26,66.18,393.45,0.23,0.02,-0.97,-15.03,59.50,394.30,-0.17,-0.32,-0.93,-7.26,66.18,393.45,0.23,0.02,-0.97,3.37
50.05,-6.76,66.20,391.35,0.22,0.02,-0.97,-14.59,59.52,392.20,-0.17,-0.32,-0.93,-6.76,66.20,391.35,0.22,0.02,-0.97,3.37
50.25,-6.36,66.35,389.76,0.22,0.02,-0.98,-14.07,59.57,390.65,-0.17,-0.33,-0.93,-6.36,66.35,389.76,0.22,0.02,-0.98,3.36
50.45,-6.16,66.38,387.90,0.22,0.02,-0.98,-13.79,59.53,388.81,-0.17,-0.33,-0.93,-6.16,66.38,387.90,0.22,0.02,-0.98,3.36
50.65,-5.72,66.47,386.07,0.22,0.02,-0.98,-13.49,59.60,386.99,-0.17,-0.33,-0.93,-5.72,66.47,386.07,0.22,0.02,-0.98,3.36
50.85,-5.43,66.62,384.03,0.21,0.02,-0.98,-12.92,59.52,385.02,-0.16,-0.33,-0.93,-5.43,66.62,384.03,0.21,0.02,-0.98,3.35
51.05,-5.10,66.57,382.32,0.21,0.01,-0.98,-12.79,59.69,383.27,-0.17,-0.33,-0.93,-5.10,66.57,382.32,0.21,0.01,-0.98,3.36
51.25,-4.93,66.75,380.29,0.21,0.02,-0.98,-12.40,59.61,381.31,-0.16,-0.33,-0.93,-4.93,66.75,380.29,0.21,0.02,-0.98,3.35
51.45,-4.69,66.83,378.51,0.20,0.01,-0.98,-12.18,59.73,379.53,-0.16,-0.33,-0.93,-4.69,66.83,378.51,0.20,0.01,-0.98,3.35
51.65,-4.65,67.00,376.73,0.20,0.02,-0.98,-11.97,59.71,377.79,-0.16,-0.34,-0.93,-4.65,67.00,376.73,0.20,0.02,-0.98,3.34
51.85,-4.46,67.22,374.88,0.20,0.02,-0.98,-11.78,59.69,376.00,-0.16,-0.34,-0.93,-4.46,67.22,374.88,0.20,0.02,-0.98,3.34
52.05,-4.47,67.34,373.32,0.19,0.02,-0.98,-11.48,59.72,374.46,-0.15,-0.35,-0.93,-4.47,67.34,373.32,0.19,0.02,-0.98,3.33
52.25,-4.27,67.50,371.94,0.19,0.02,-0.98,-11.27,59.75,373.12,-0.15,-0.35,-0.92,-4.27,67.50,371.94,0.19,0.02,-0.98,3.33
52.45,-4.13,67.65,370.57,0.18,0.02,-0.98,-10.94,59.85,371.77,-0.14,-0.35,-0.93,-4.13,67.65,370.57,0.18,0.02,-0.98,3.33
52.65,-4.11,67.65,369.08,0.17,0.02,-0.98,-10.58,59.78,370.30,-0.14,-0.35,-0.93,-4.11,67.65,369.08,0.17,0.02,-0.98,3.32
52.85,-3.65,67.76,367.79,0.18,0.02,-0.98,-10.44,59.94,369.01,-0.14,-0.35,-0.93,-3.65,67.76,367.79,0.18,0.02,-0.98,3.32
53.05,-3.58,67.72,366.32,0.17,0.02,-0.99,-10.02,59.81,367.58,-0.13,-0.35,-0.93,-3.58,67.72,366.32,0.17,0.02,-0.99,3.31
53.25,-3.15,67.78,365.17,0.17,0.02,-0.99,-9.60,59.88,366.43,-0.14,-0.35,-0.93,-3.15,67.78,365.17,0.17,0.02,-0.99,3.31
53.45,-2.86,67.87,363.55,0.16,0.03,-0.99,-9.09,59.67,364.89,-0.13,-0.36,-0.92,-2.86,67.87,363.55,0.16,0.03,-0.99,3.30
53.65,-2.65,67.89,362.39,0.16,0.02,-0.99,-8.75,59.70,363.73,-0.13,-0.36,-0.92,-2.65,67.89,362.39,0.16,0.02,-0.99,3.30
53.85,-1.89,68.33,360.92,0.17,0.04,-0.98,-8.53,59.60,362.37,-0.14,-0.37,-0.92,-1.89,68.33,360.92,0.17,0.04,-0.98,3.31
54.05,-2.51,68.03,360.36,0.15,0.02,-0.99,-8.18,59.81,361.74,-0.12,-0.36,-0.93,-2.51,68.03,360.36,0.15,0.02,-0.99,3.29
54.25,-2.50,68.18,359.06,0.14,0.03,-0.99,-8.05,59.74,360.48,-0.11,-0.37,-0.92,-2.50,68.18,359.06,0.14,0.03,-0.99,3.29
54.45,-2.76,68.37,357.38,0.13,0.03,-0.99,-7.95,59.52,358.88,-0.11,-0.38,-0.92,-2.76,68.37,357.38,0.13,0.03,-0.99,3.28
54.65,-2.74,68.50,356.03,0.14,0.04,-0.99,-7.97,59.42,357.58,-0.11,-0.38,-0.92,-2.74,68.50,356.03,0.14,0.04,-0.99,3.28
54.85,-3.07,68.48,355.07,0.13,0.04,-0.99,-7.97,59.42,356.62,-0.10,-0.38,-0.92,-3.07,68.48,355.07,0.13,0.04,-0.99,3.27
55.05,-3.40,68.56,353.97,0.12,0.04,-0.99,-7.91,59.27,355.57,-0.09,-0.39,-0.92,-3.40,68.56,353.97,0.12,0.04,-0.99,3.26
55.25,-3.59,68.66,352.65,0.12,0.05,-0.99,-8.17,59.13,354.29,-0.09,-0.39,-0.92,-3.59,68.66,352.65,0.12,0.05,-0.99,3.26
55.45,-4.24,68.67,351.72,0.11,0.05,-0.99,-8.27,59.05,353.40,-0.08,-0.39,-0.92,-4.24,68.67,351.72,0.11,0.05,-0.99,3.25
55.65,-4.72,68.60,350.77,0.10,0.05,-0.99,-8.50,58.93,352.46,-0.07,-0.39,-0.92,-4.72,68.60,350.77,0.10,0.05,-0.99,3.25
55.85,-4.92,68.77,349.80,0.11,0.05,-0.99,-8.89,58.93,351.52,-0.07,-0.40,-0.92,-4.92,68.77,349.80,0.11,0.05,-0.99,3.25
56.05,-5.89,68.86,349.07,0.09,0.05,-0.99,-9.15,58.89,350.82,-0.05,-0.40,-0.92,-5.89,68.86,349.07,0.09,0.05,-0.99,3.24
56.25,-6.18,68.85,348.31,0.10,0.05,-0.99,-9.77,58.85,350.05,-0.06,-0.40,-0.91,-6.18,68.85,348.31,0.10,0.05,-0.99,3.24
56.45,-6.79,68.86,347.46,0.10,0.05,-0.99,-10.14,58.84,349.22,-0.05,-0.40,-0.91,-6.79,68.86,347.46,0.10,0.05,-0.99,3.24
56.65,-7.19,68.88,346.67,0.10,0.05,-0.99,-10.49,58.86,348.43,-0.05,-0.40,-0.91,-7.19,68.88,346.67,0.10,0.05,-0.99,3.24
56.85,-7.71,68.89,346.62,0.09,0.04,-1.00,-10.58,59.14,348.34,-0.04,-0.39,-0.92,-7.71,68.89,346.62,0.09,0.04,-1.00,3.23
57.05,-7.92,68.87,345.97,0.09,0.04,-1.00,-10.78,59.27,347.67,-0.04,-0.39,-0.92,-7.92,68.87,345.97,0.09,0.04,-1.00,3.23
57.25,-7.87,68.88,344.80,0.08,0.04,-1.00,-10.41,58.97,346.56,-0.03,-0.40,-0.92,-7.87,68.88,344.80,0.08,0.04,-1.00,3.22
57.45,-7.67,68.92,344.35,0.08,0.04,-1.00,-10.28,58.98,346.12,-0.03,-0.40,-0.92,-7.67,68.92,344.35,0.08,0.04,-1.00,3.22
57.65,-7.72,68.97,343.56,0.07,0.05,-1.00,-9.88,58.84,345.38,-0.02,-0.40,-0.92,-7.72,68.97,343.56,0.07,0.05,-1.00,3.21
57.85,-7.25,68.91,343.52,0.07,0.04,-1.00,-9.54,58.97,345.31,-0.03,-0.40,-0.92,-7.25,68.91,343.52,0.07,0.04,-1.00,3.22
58.05,-7.29,68.90,343.41,0.07,0.03,-1.00,-9.37,59.31,345.15,-0.02,-0.39,-0.92,-7.29,68.90,343.41,0.07,0.03,-1.00,3.21
58.25,-6.84,69.07,342.51,0.07,0.05,-1.00,-8.97,58.90,344.35,-0.03,-0.40,-0.91,-6.84,69.07,342.51,0.07,0.05,-1.00,3.21
58.45,-6.92,69.07,342.24,0.06,0.04,-1.00,-8.50,59.06,344.08,-0.01,-0.40,-0.92,-6.92,69.07,342.24,0.06,0.04,-1.00,3.20
58.65,-6.58,69.10,341.43,0.05,0.05,-1.00,-8.02,58.86,343.31,-0.01,-0.41,-0.91,-6.58,69.10,341.43,0.05,0.05,-1.00,3.19
58.85,-5.94,69.18,341.14,0.06,0.05,-1.00,-7.60,58.76,343.05,-0.02,-0.41,-0.91,-5.94,69.18,341.14,0.06,0.05,-1.00,3.20
59.05,-5.61,69.31,340.36,0.04,0.06,-1.00,-6.59,58.51,342.37,-0.00,-0.42,-0.91,-5.61,69.31,340.36,0.04,0.06,-1.00,3.18
59.25,-4.50,69.25,340.26,0.04,0.06,-1.00,-5.48,58.61,342.24,-0.01,-0.41,-0.91,-4.50,69.25,340.26,0.04,0.06,-1.00,3.18
59.45,-2.95,69.24,339.68,0.04,0.06,-1.00,-4.25,58.45,341.69,-0.02,-0.42,-0.91,-2.95,69.24,339.68,0.04,0.06,-1.00,3.18
59.65,-1.61,69.28,339.79,0.04,0.05,-1.00,-3.07,58.94,341.72,-0.03,-0.41,-0.91,-1.61,69.28,339.79,0.04,0.05,-1.00,3.18
59.85,-0.76,69.23,339.04,0.03,0.05,-1.00,-1.81,58.60,341.03,-0.02,-0.41,-0.91,-0.76,69.23,339.04,0.03,0.05,-1.00,3.17
60.05,0.22,69.41,338.36,0.02,0.06,-1.00,-0.87,58.43,340.43,-0.02,-0.42,-0.91,0.22,69.41,338.36,0.02,0.06,-1.00,3.17
60.25,1.15,69.26,339.19,0.02,0.04,-1.00,0.06,59.09,341.11,-0.03,-0.40,-0.91,1.15,69.26,339.19,0.02,0.04,-1.00,3.16
60.45,2.36,69.29,338.05,0.03,0.05,-1.00,0.75,58.70,340.05,-0.04,-0.41,-0.91,2.36,69.29,338.05,0.03,0.05,-1.00,3.17
60.65,2.86,69.41,337.35,0.02,0.06,-1.00,1.53,58.47,339.43,-0.04,-0.42,-0.91,2.86,69.41,337.35,0.02,0.06,-1.00,3.16
60.85,3.48,69.56,337.06,0.03,0.06,-1.00,1.97,58.45,339.17,-0.04,-0.42,-0.90,3.48,69.56,337.06,0.03,0.06,-1.00,3.17
61.05,3.65,69.47,336.67,0.02,0.06,-1.00,2.21,58.42,338.77,-0.04,-0.42,-0.91,3.65,69.47,336.67,0.02,0.06,-1.00,3.16
61.25,3.51,69.47,336.56,0.02,0.06,-1.00,2.32,58.44,338.66,-0.03,-0.42,-0.91,3.51,69.47,336.56,0.02,0.06,-1.00,3.16
61.45,3.37,69.51,336.51,0.02,0.06,-1.00,2.24,58.55,338.60,-0.03,-0.42,-0.91,3.37,69.51,336.51,0.02,0.06,-1.00,3.16
61.65,3.00,69.50,336.28,0.02,0.06,-1.00,1.94,58.62,338.36,-0.03,-0.42,-0.91,3.00,69.50,336.28,0.02,0.06,-1.00,3.16
61.85,2.70,69.44,336.16,0.02,0.06,-1.00,1.47,58.62,338.22,-0.03,-0.42,-0.91,2.70,69.44,336.16,0.02,0.06,-1.00,3.16
62.05,2.17,69.44,336.05,0.02,0.05,-1.00,1.04,58.69,338.09,-0.03,-0.42,-0.91,2.17,69.44,336.05,0.02,0.05,-1.00,3.16
62.25,2.21,69.55,335.66,0.03,0.06,-1.00,0.81,58.50,337.77,-0.03,-0.42,-0.91,2.21,69.55,335.66,0.03,0.06,-1.00,3.17
62.45,2.06,69.45,335.87,0.02,0.05,-1.00,1.02,58.68,337.92,-0.03,-0.42,-0.91,2.06,69.45,335.87,0.02,0.05,-1.00,3.16
62.65,2.20,69.38,336.75,0.00,0.05,-1.00,1.80,58.97,338.73,-0.01,-0.41,-0.91,2.20,69.38,336.75,0.00,0.05,-1.00,3.14
62.85,3.12,69.58,335.41,0.02,0.06,-1.00,1.83,58.55,337.52,-0.04,-0.42,-0.91,3.12,69.58,335.41,0.02,0.06,-1.00,3.16
63.05,3.65,69.52,335.39,0.02,0.06,-1.00,2.54,58.61,337.48,-0.03,-0.42,-0.91,3.65,69.52,335.39,0.02,0.06,-1.00,3.16
63.25,4.74,69.59,335.16,0.02,0.06,-1.00,3.25,58.59,337.28,-0.04,-0.42,-0.91,4.74,69.59,335.16,0.02,0.06,-1.00,3.16
63.45,5.48,69.52,334.84,0.01,0.06,-1.00,4.53,58.48,336.96,-0.03,-0.42,-0.91,5.48,69.52,334.84,0.01,0.06,-1.00,3.15
63.65,5.74,58.39,336.40,-0.03,-0.42,-0.91,6.51,69.46,334.27,-0.00,0.06,-1.00,6.51,69.46,334.27,-0.00,0.06,-1.00,3.14
63.85,8.15,69.58,334.10,0.01,0.06,-1.00,6.77,58.36,336.27,-0.05,-0.43,-0.90,8.15,69.58,334.10,0.01,0.06,-1.00,3.15
64.05,9.29,69.57,333.71,0.00,0.07,-1.00,7.97,58.23,335.91,-0.05,-0.43,-0.90,9.29,69.57,333.71,0.00,0.07,-1.00,3.15
64.25,10.79,69.61,334.02,0.00,0.06,-1.00,9.39,58.50,336.18,-0.06,-0.42,-0.90,10.79,69.61,334.02,0.00,0.06,-1.00,3.14
64.45,10.94,58.62,336.15,-0.07,-0.42,-0.91,12.44,69.57,334.00,-0.00,0.06,-1.00,12.44,69.57,334.00,-0.00,0.06,-1.00,3.14
64.65,12.47,58.86,336.18,-0.07,-0.41,-0.91,14.18,69.47,334.08,-0.00,0.05,-1.00,14.18,69.47,334.08,-0.00,0.05,-1.00,3.14
64.85,16.02,69.54,333.57,0.00,0.05,-1.00,14.03,58.74,335.73,-0.09,-0.42,-0.90,16.02,69.54,333.57,0.00,0.05,-1.00,3.14
65.05,17.86,69.56,332.96,0.00,0.05,-1.00,15.58,58.66,335.17,-0.10,-0.42,-0.90,17.86,69.56,332.96,0.00,0.05,-1.00,3.14
65.25,17.01,58.52,334.55,-0.10,-0.42,-0.90,19.26,69.60,332.30,-0.00,0.06,-1.00,19.26,69.60,332.30,-0.00,0.06,-1.00,3.14
65.45,18.47,58.48,334.06,-0.11,-0.42,-0.90,20.78,69.61,331.78,-0.01,0.06,-1.00,20.78,69.61,331.78,-0.01,0.06,-1.00,3.14
65.65,19.75,58.63,333.78,-0.12,-0.42,-0.90,22.34,69.59,331.51,-0.00,0.05,-1.00,22.34,69.59,331.51,-0.00,0.05,-1.00,3.14
65.85,20.91,58.55,333.16,-0.12,-0.42,-0.90,23.69,69.60,330.84,-0.00,0.06,-1.00,23.69,69.60,330.84,-0.00,0.06,-1.00,3.14
66.05,21.89,58.68,332.89,-0.13,-0.42,-0.90,24.94,69.78,330.53,-0.00,0.06,-1.00,24.94,69.78,330.53,-0.00,0.06,-1.00,3.14
66.25,22.86,58.56,332.21,-0.14,-0.43,-0.89,25.94,69.76,329.81,-0.00,0.06,-1.00,25.94,69.76,329.81,-0.00,0.06,-1.00,3.14
66.45,23.54,58.49,331.66,-0.14,-0.43,-0.89,26.54,69.76,329.25,-0.01,0.06,-1.00,26.54,69.76,329.25,-0.01,0.06,-1.00,3.13
66.65,23.95,58.57,331.41,-0.14,-0.42,-0.90,26.90,69.69,329.02,-0.01,0.06,-1.00,26.90,69.69,329.02,-0.01,0.06,-1.00,3.13
66.85,24.05,58.61,331.04,-0.14,-0.42,-0.90,26.96,69.73,328.65,-0.01,0.05,-1.00,26.96,69.73,328.65,-0.01,0.05,-1.00,3.13
67.05,23.89,58.69,330.76,-0.14,-0.42,-0.90,26.82,69.74,328.38,-0.01,0.05,-1.00,26.82,69.74,328.38,-0.01,0.05,-1.00,3.13
67.25,23.66,58.55,330.18,-0.13,-0.43,-0.90,26.44,69.78,327.77,-0.01,0.06,-1.00,26.44,69.78,327.77,-0.01,0.06,-1.00,3.13
67.45,22.98,58.48,329.80,-0.13,-0.43,-0.89,25.91,69.85,327.36,-0.01,0.06,-1.00,25.91,69.85,327.36,-0.01,0.06,-1.00,3.13
67.66,22.19,58.59,329.57,-0.13,-0.43,-0.90,25.17,69.80,327.16,-0.00,0.05,-1.00,25.17,69.80,327.16,-0.00,0.05,-1.00,3.14
67.86,21.47,58.61,329.22,-0.12,-0.43,-0.90,24.03,69.83,326.85,-0.01,0.05,-1.00,24.03,69.83,326.85,-0.01,0.05,-1.00,3.13
68.06,20.53,58.40,328.67,-0.12,-0.43,-0.89,23.34,69.87,326.23,-0.00,0.06,-1.00,23.34,69.87,326.23,-0.00,0.06,-1.00,3.14
68.26,19.81,58.72,329.03,-0.11,-0.42,-0.90,22.14,69.79,326.71,-0.01,0.05,-1.00,22.14,69.79,326.71,-0.01,0.05,-1.00,3.13
68.46,19.27,58.45,328.52,-0.10,-0.43,-0.90,21.22,69.92,326.15,-0.02,0.06,-1.00,21.22,69.92,326.15,-0.02,0.06,-1.00,3.12
68.66,18.44,58.41,328.28,-0.11,-0.43,-0.90,20.83,69.91,325.88,-0.01,0.06,-1.00,20.83,69.91,325.88,-0.01,0.06,-1.00,3.14
68.86,17.94,58.54,328.46,-0.10,-0.43,-0.90,19.91,69.86,326.12,-0.01,0.06,-1.00,19.91,69.86,326.12,-0.01,0.06,-1.00,3.13
69.06,17.52,58.48,328.23,-0.08,-0.43,-0.90,18.98,69.88,325.91,-0.02,0.06,-1.00,18.98,69.88,325.91,-0.02,0.06,-1.00,3.12
69.26,16.92,58.46,328.10,-0.09,-0.43,-0.90,18.66,69.92,325.75,-0.01,0.06,-1.00,18.66,69.92,325.75,-0.01,0.06,-1.00,3.13
69.46,16.56,58.44,327.76,-0.08,-0.43,-0.90,18.17,70.05,325.39,-0.02,0.06,-1.00,18.17,70.05,325.39,-0.02,0.06,-1.00,3.13
69.66,16.01,58.52,327.70,-0.09,-0.43,-0.90,17.94,69.99,325.35,-0.01,0.06,-1.00,17.94,69.99,325.35,-0.01,0.06,-1.00,3.13
69.86,15.59,58.47,327.73,-0.09,-0.43,-0.90,17.38,69.93,325.39,-0.01,0.06,-1.00,17.38,69.93,325.39,-0.01,0.06,-1.00,3.13
70.06,15.17,58.50,327.44,-0.08,-0.43,-0.90,16.90,70.01,325.08,-0.01,0.06,-1.00,16.90,70.01,325.08,-0.01,0.06,-1.00,3.13
70.26,14.90,58.30,327.09,-0.08,-0.44,-0.90,16.51,70.15,324.68,-0.01,0.07,-1.00,16.51,70.15,324.68,-0.01,0.07,-1.00,3.13
70.46,14.73,58.23,326.72,-0.07,-0.44,-0.90,16.01,70.01,324.33,-0.02,0.06,-1.00,16.01,70.01,324.33,-0.02,0.06,-1.00,3.12
70.66,14.48,58.41,326.95,-0.07,-0.43,-0.90,15.69,70.07,324.59,-0.02,0.06,-1.00,15.69,70.07,324.59,-0.02,0.06,-1.00,3.12
70.86,14.36,58.36,326.67,-0.06,-0.44,-0.90,15.37,70.07,324.32,-0.02,0.06,-1.00,15.37,70.07,324.32,-0.02,0.06,-1.00,3.12
71.06,14.16,58.15,326.33,-0.06,-0.44,-0.90,15.04,69.98,323.96,-0.02,0.06,-1.00,15.04,69.98,323.96,-0.02,0.06,-1.00,3.12
71.26,13.87,58.19,326.14,-0.06,-0.44,-0.90,14.69,69.98,323.77,-0.02,0.06,-1.00,14.69,69.98,323.77,-0.02,0.06,-1.00,3.12
71.46,13.65,58.27,326.11,-0.05,-0.44,-0.90,14.15,70.03,323.77,-0.03,0.06,-1.00,14.15,70.03,323.77,-0.03,0.06,-1.00,3.11
71.66,13.29,58.15,325.84,-0.05,-0.44,-0.90,13.65,70.08,323.47,-0.03,0.07,-1.00,13.65,70.08,323.47,-0.03,0.07,-1.00,3.11
71.86,12.74,58.15,325.73,-0.05,-0.44,-0.90,13.29,70.11,323.35,-0.03,0.07,-1.00,13.29,70.11,323.35,-0.03,0.07,-1.00,3.12
72.06,12.34,57.99,325.54,-0.04,-0.44,-0.90,12.53,70.08,323.15,-0.03,0.07,-1.00,12.53,70.08,323.15,-0.03,0.07,-1.00,3.11
72.26,11.90,58.01,325.61,-0.05,-0.44,-0.89,12.40,70.19,323.19,-0.02,0.07,-1.00,12.40,70.19,323.19,-0.02,0.07,-1.00,3.12
72.46,11.64,58.08,325.61,-0.04,-0.44,-0.90,11.85,70.00,323.25,-0.03,0.07,-1.00,11.85,70.00,323.25,-0.03,0.07,-1.00,3.11
72.66,11.29,57.99,325.69,-0.04,-0.44,-0.90,11.43,69.92,323.33,-0.03,0.07,-1.00,11.43,69.92,323.33,-0.03,0.07,-1.00,3.11
72.86,10.81,57.88,325.69,-0.05,-0.44,-0.90,11.64,69.97,323.28,-0.02,0.07,-1.00,11.64,69.97,323.28,-0.02,0.07,-1.00,3.13
73.06,10.61,58.18,326.32,-0.04,-0.44,-0.90,11.01,70.00,323.97,-0.02,0.06,-1.00,11.01,70.00,323.97,-0.02,0.06,-1.00,3.12
73.26,10.34,58.08,326.27,-0.04,-0.44,-0.90,10.71,69.99,323.91,-0.02,0.07,-1.00,10.71,69.99,323.91,-0.02,0.07,-1.00,3.12
73.46,10.16,57.92,326.10,-0.03,-0.44,-0.90,10.30,69.95,323.73,-0.03,0.07,-1.00,10.30,69.95,323.73,-0.03,0.07,-1.00,3.11
73.66,9.99,58.01,326.17,-0.03,-0.44,-0.90,10.11,69.93,323.82,-0.03,0.07,-1.00,10.11,69.93,323.82,-0.03,0.07,-1.00,3.11
73.86,9.64,57.88,326.11,-0.03,-0.44,-0.90,9.55,69.88,323.75,-0.03,0.07,-1.00,9.64,57.88,326.11,-0.03,-0.44,-0.90,3.11
74.06,9.39,57.88,326.12,-0.02,-0.44,-0.90,9.00,69.92,323.76,-0.04,0.07,-1.00,9.39,57.88,326.12,-0.02,-0.44,-0.90,3.12
74.26,9.18,57.60,325.74,-0.01,-0.45,-0.90,8.29,69.85,323.35,-0.04,0.07,-1.00,9.18,57.60,325.74,-0.01,-0.45,-0.90,3.13
74.46,9.03,57.76,325.93,-0.01,-0.44,-0.90,8.41,69.91,323.56,-0.04,0.07,-1.00,8.41,69.91,323.56,-0.04,0.07,-1.00,3.10
74.66,8.88,57.94,326.17,-0.01,-0.44,-0.90,8.22,69.98,323.82,-0.04,0.07,-1.00,8.22,69.98,323.82,-0.04,0.07,-1.00,3.10
74.86,8.73,57.98,326.18,-0.01,-0.44,-0.90,8.26,70.00,323.83,-0.03,0.07,-1.00,8.26,70.00,323.83,-0.03,0.07,-1.00,3.11
75.06,8.60,57.87,325.97,-0.01,-0.44,-0.90,8.15,70.01,323.59,-0.03,0.07,-1.00,8.15,70.01,323.59,-0.03,0.07,-1.00,3.11
75.26,8.66,57.78,325.78,-0.01,-0.44,-0.90,7.82,69.95,323.41,-0.04,0.07,-1.00,7.82,69.95,323.41,-0.04,0.07,-1.00,3.10
75.46,8.26,57.78,325.78,-0.02,-0.45,-0.89,8.16,70.15,323.35,-0.03,0.08,-1.00,8.16,70.15,323.35,-0.03,0.08,-1.00,3.12
75.66,8.53,57.77,325.76,0.01,-0.45,-0.89,7.19,70.12,323.36,-0.05,0.08,-1.00,7.19,70.12,323.36,-0.05,0.08,-1.00,3.09
75.86,8.09,57.66,325.53,-0.01,-0.45,-0.90,7.34,69.91,323.14,-0.04,0.07,-1.00,7.34,69.91,323.14,-0.04,0.07,-1.00,3.10
76.06,7.88,57.61,325.66,-0.00,-0.45,-0.90,7.00,69.87,323.28,-0.04,0.07,-1.00,7.00,69.87,323.28,-0.04,0.07,-1.00,3.10
76.26,7.45,57.68,326.22,-0.01,-0.45,-0.90,6.93,69.93,323.82,-0.03,0.07,-1.00,6.93,69.93,323.82,-0.03,0.07,-1.00,3.11
76.46,7.45,57.91,326.86,0.01,-0.44,-0.90,6.18,69.85,324.54,-0.05,0.07,-1.00,6.18,69.85,324.54,-0.05,0.07,-1.00,3.09
76.66,7.10,57.76,327.05,0.00,-0.44,-0.90,5.99,69.90,324.69,-0.04,0.07,-1.00,5.99,69.90,324.69,-0.04,0.07,-1.00,3.10
76.86,7.01,57.78,327.48,0.01,-0.44,-0.90,5.60,69.85,325.15,-0.05,0.07,-1.00,5.60,69.85,325.15,-0.05,0.07,-1.00,3.09
77.06,6.89,57.73,327.77,0.01,-0.44,-0.90,5.60,69.90,325.42,-0.05,0.07,-1.00,5.60,69.90,325.42,-0.05,0.07,-1.00,3.10
77.26,7.01,57.48,327.67,0.01,-0.45,-0.89,5.75,69.91,325.27,-0.05,0.08,-1.00,5.75,69.91,325.27,-0.05,0.08,-1.00,3.10
77.46,7.28,57.81,328.34,0.02,-0.44,-0.90,5.65,69.91,326.01,-0.05,0.07,-1.00,5.65,69.91,326.01,-0.05,0.07,-1.00,3.09
77.66,6.89,57.55,328.22,-0.04,-0.47,-0.88,7.64,70.63,325.64,-0.00,0.10,-1.00,6.89,57.55,328.22,-0.04,-0.47,-0.88,3.10
77.86,7.57,57.66,328.71,0.00,-0.44,-0.90,6.48,69.81,326.36,-0.04,0.08,-1.00,6.48,69.81,326.36,-0.04,0.08,-1.00,3.10
78.06,8.12,57.88,329.22,0.02,-0.44,-0.90,6.28,69.85,326.93,-0.06,0.07,-1.00,6.28,69.85,326.93,-0.06,0.07,-1.00,3.08
78.26,8.51,57.94,329.87,0.00,-0.44,-0.90,7.41,69.83,327.59,-0.05,0.07,-1.00,7.41,69.83,327.59,-0.05,0.07,-1.00,3.09
78.46,9.33,57.62,329.67,0.01,-0.44,-0.90,7.86,69.73,327.36,-0.06,0.08,-1.00,7.86,69.73,327.36,-0.06,0.08,-1.00,3.09
78.66,10.10,57.39,329.55,0.02,-0.45,-0.89,8.12,69.84,327.19,-0.07,0.08,-0.99,8.12,69.84,327.19,-0.07,0.08,-0.99,3.07
78.86,10.35,56.45,328.30,0.02,-0.47,-0.88,8.23,69.83,325.77,-0.07,0.11,-0.99,8.23,69.83,325.77,-0.07,0.11,-0.99,3.07
79.06,10.33,57.81,331.42,-0.04,-0.46,-0.89,10.64,70.44,328.96,-0.02,0.09,-1.00,10.64,70.44,328.96,-0.02,0.09,-1.00,3.12
79.27,10.70,57.66,331.42,-0.02,-0.45,-0.89,10.32,70.06,329.03,-0.04,0.09,-1.00,10.70,57.66,331.42,-0.02,-0.45,-0.89,3.12
79.47,11.13,57.28,331.02,-0.01,-0.45,-0.89,10.26,69.82,328.63,-0.05,0.09,-0.99,11.13,57.28,331.02,-0.01,-0.45,-0.89,3.13
79.67,11.16,57.65,331.82,-0.02,-0.45,-0.89,10.43,69.94,329.48,-0.05,0.08,-1.00,10.43,69.94,329.48,-0.05,0.08,-1.00,3.09
79.87,10.95,57.58,331.93,-0.02,-0.44,-0.90,10.35,69.71,329.61,-0.04,0.08,-1.00,10.35,69.71,329.61,-0.04,0.08,-1.00,3.10
80.07,10.73,57.31,331.77,-0.00,-0.45,-0.89,9.52,69.73,329.42,-0.06,0.09,-0.99,9.52,69.73,329.42,-0.06,0.09,-0.99,3.09
80.27,10.09,57.80,333.01,-0.00,-0.44,-0.90,8.85,69.77,330.74,-0.05,0.08,-1.00,8.85,69.77,330.74,-0.05,0.08,-1.00,3.09
80.47,9.51,57.77,333.20,0.01,-0.44,-0.90,8.00,69.78,330.94,-0.06,0.08,-1.00,8.00,69.78,330.94,-0.06,0.08,-1.00,3.08
80.67,8.44,57.56,333.21,-0.03,-0.45,-0.89,8.81,69.87,330.84,-0.02,0.09,-1.00,8.44,57.56,333.21,-0.03,-0.45,-0.89,3.11
80.87,7.91,58.17,334.55,-0.02,-0.45,-0.89,7.99,70.41,332.19,-0.02,0.08,-1.00,7.91,58.17,334.55,-0.02,-0.45,-0.89,3.11
81.07,7.55,57.75,334.12,-0.01,-0.44,-0.90,6.93,69.50,331.88,-0.03,0.07,-1.00,6.93,69.50,331.88,-0.03,0.07,-1.00,3.11
81.27,7.26,57.85,334.80,0.01,-0.44,-0.90,5.76,69.84,332.53,-0.05,0.08,-1.00,5.76,69.84,332.53,-0.05,0.08,-1.00,3.09
81.47,6.75,57.73,335.23,0.00,-0.45,-0.89,5.86,69.92,332.92,-0.04,0.09,-1.00,5.86,69.92,332.92,-0.04,0.09,-1.00,3.10
81.67,6.51,57.82,335.65,0.01,-0.44,-0.90,5.46,69.84,333.38,-0.04,0.08,-1.00,5.46,69.84,333.38,-0.04,0.08,-1.00,3.10
81.87,6.51,58.07,336.42,0.03,-0.44,-0.90,4.44,69.76,334.23,-0.06,0.07,-1.00,4.44,69.76,334.23,-0.06,0.07,-1.00,3.08
82.07,6.42,57.78,336.26,0.03,-0.43,-0.90,4.51,69.44,334.07,-0.06,0.07,-1.00,4.51,69.44,334.07,-0.06,0.07,-1.00,3.08
82.27,6.65,58.21,337.30,0.03,-0.42,-0.91,4.64,69.20,335.26,-0.06,0.06,-1.00,4.64,69.20,335.26,-0.06,0.06,-1.00,3.08
82.47,7.08,58.06,337.47,0.04,-0.43,-0.90,4.48,69.31,335.38,-0.07,0.07,-1.00,4.48,69.31,335.38,-0.07,0.07,-1.00,3.07
82.67,7.66,57.79,337.38,0.04,-0.42,-0.90,5.11,69.02,335.31,-0.07,0.07,-1.00,5.11,69.02,335.31,-0.07,0.07,-1.00,3.07
82.87,8.45,57.93,337.58,0.03,-0.42,-0.91,6.17,68.99,335.55,-0.07,0.06,-1.00,6.17,68.99,335.55,-0.07,0.06,-1.00,3.07
83.07,9.66,57.78,337.59,0.03,-0.42,-0.91,7.40,68.96,335.54,-0.07,0.07,-1.00,7.40,68.96,335.54,-0.07,0.07,-1.00,3.07
83.27,11.57,57.57,337.41,0.02,-0.43,-0.90,9.12,68.88,335.36,-0.08,0.07,-0.99,9.12,68.88,335.36,-0.08,0.07,-0.99,3.06
83.47,13.97,57.45,337.29,0.01,-0.43,-0.90,11.70,69.01,335.20,-0.09,0.07,-0.99,11.70,69.01,335.20,-0.09,0.07,-0.99,3.06
83.67,16.88,57.39,337.42,0.02,-0.43,-0.90,14.03,68.90,335.39,-0.11,0.07,-0.99,14.03,68.90,335.39,-0.11,0.07,-0.99,3.04
83.87,19.54,57.31,337.51,-0.01,-0.43,-0.90,17.42,68.83,335.47,-0.10,0.08,-0.99,17.42,68.83,335.47,-0.10,0.08,-0.99,3.04
84.07,22.56,57.56,337.86,-0.01,-0.42,-0.91,20.38,68.74,335.90,-0.11,0.07,-0.99,20.38,68.74,335.90,-0.11,0.07,-0.99,3.03
84.27,25.58,57.77,337.80,-0.01,-0.42,-0.91,22.93,68.69,335.94,-0.13,0.06,-0.99,22.93,68.69,335.94,-0.13,0.06,-0.99,3.01
84.47,27.90,57.16,337.42,-0.03,-0.43,-0.90,25.96,68.75,335.41,-0.12,0.08,-0.99,25.96,68.75,335.41,-0.12,0.08,-0.99,3.02
84.67,30.33,57.32,337.75,-0.04,-0.43,-0.90,28.56,68.85,335.74,-0.12,0.08,-0.99,28.56,68.85,335.74,-0.12,0.08,-0.99,3.02
84.87,32.54,57.62,338.25,-0.05,-0.42,-0.90,30.64,68.79,336.33,-0.13,0.07,-0.99,30.64,68.79,336.33,-0.13,0.07,-0.99,3.01
85.07,34.21,57.53,338.27,-0.06,-0.42,-0.90,32.58,68.77,336.33,-0.13,0.07,-0.99,32.58,68.77,336.33,-0.13,0.07,-0.99,3.01
85.27,35.60,57.42,338.36,-0.07,-0.43,-0.90,34.19,68.76,336.38,-0.13,0.07,-0.99,34.19,68.76,336.38,-0.13,0.07,-0.99,3.01
85.47,36.89,57.57,338.84,-0.07,-0.43,-0.90,35.55,68.84,336.87,-0.13,0.07,-0.99,35.55,68.84,336.87,-0.13,0.07,-0.99,3.01
85.67,37.81,57.76,339.23,-0.08,-0.42,-0.91,36.59,68.70,337.32,-0.13,0.06,-0.99,36.59,68.70,337.32,-0.13,0.06,-0.99,3.01
85.87,38.36,57.57,339.28,-0.08,-0.42,-0.90,37.39,68.65,337.32,-0.13,0.07,-0.99,37.39,68.65,337.32,-0.13,0.07,-0.99,3.01
86.07,38.61,57.59,339.43,-0.09,-0.42,-0.90,37.80,68.60,337.47,-0.12,0.07,-0.99,37.80,68.60,337.47,-0.12,0.07,-0.99,3.02
86.27,38.68,57.66,339.69,-0.09,-0.42,-0.90,37.71,68.73,337.74,-0.13,0.07,-0.99,37.71,68.73,337.74,-0.13,0.07,-0.99,3.01
86.47,38.26,57.46,339.50,-0.09,-0.43,-0.90,37.47,68.90,337.45,-0.12,0.08,-0.99,37.47,68.90,337.45,-0.12,0.08,-0.99,3.02
86.67,37.69,57.67,339.73,-0.08,-0.42,-0.90,36.47,68.78,337.79,-0.13,0.07,-0.99,36.47,68.78,337.79,-0.13,0.07,-0.99,3.01
86.87,36.94,57.51,339.58,-0.06,-0.43,-0.90,35.24,68.83,337.65,-0.14,0.07,-0.99,35.24,68.83,337.65,-0.14,0.07,-0.99,3.00
87.07,35.67,57.54,339.77,-0.08,-0.43,-0.90,34.76,68.80,337.76,-0.12,0.07,-0.99,34.76,68.80,337.76,-0.12,0.07,-0.99,3.02
87.27,34.54,57.56,339.88,-0.07,-0.43,-0.90,33.59,68.94,337.85,-0.12,0.08,-0.99,33.59,68.94,337.85,-0.12,0.08,-0.99,3.02
87.47,33.30,57.56,339.95,-0.07,-0.43,-0.90,32.16,68.87,337.95,-0.12,0.07,-0.99,32.16,68.87,337.95,-0.12,0.07,-0.99,3.02
87.67,32.14,57.53,339.93,-0.06,-0.42,-0.90,30.80,68.78,337.96,-0.12,0.07,-0.99,30.80,68.78,337.96,-0.12,0.07,-0.99,3.02
87.87,30.79,57.57,339.96,-0.05,-0.43,-0.90,29.35,68.88,337.98,-0.12,0.07,-0.99,29.35,68.88,337.98,-0.12,0.07,-0.99,3.03
88.07,29.43,57.73,340.34,-0.04,-0.42,-0.91,27.81,68.84,338.40,-0.12,0.07,-0.99,27.81,68.84,338.40,-0.12,0.07,-0.99,3.03
88.27,27.87,57.36,339.85,-0.06,-0.43,-0.90,26.96,68.71,337.82,-0.10,0.07,-0.99,26.96,68.71,337.82,-0.10,0.07,-0.99,3.04
88.47,26.73,57.53,339.99,-0.04,-0.43,-0.90,25.30,68.99,337.96,-0.10,0.08,-0.99,25.30,68.99,337.96,-0.10,0.08,-0.99,3.04
88.67,25.59,57.54,340.02,-0.04,-0.43,-0.90,24.41,68.91,337.99,-0.10,0.07,-0.99,24.41,68.91,337.99,-0.10,0.07,-0.99,3.05
88.87,24.76,57.44,339.60,-0.04,-0.43,-0.90,23.34,68.83,337.58,-0.10,0.07,-0.99,23.34,68.83,337.58,-0.10,0.07,-0.99,3.04
89.07,23.90,57.35,339.58,-0.04,-0.43,-0.90,22.62,68.94,337.51,-0.09,0.08,-0.99,22.62,68.94,337.51,-0.09,0.08,-0.99,3.05
89.27,23.28,57.44,339.62,-0.03,-0.43,-0.90,21.96,68.94,337.56,-0.09,0.08,-0.99,21.96,68.94,337.56,-0.09,0.08,-0.99,3.05
89.47,23.20,57.53,339.83,-0.00,-0.43,-0.90,20.60,69.04,337.85,-0.12,0.08,-0.99,20.60,69.04,337.85,-0.12,0.08,-0.99,3.02
89.67,22.24,57.17,338.76,-0.03,-0.44,-0.90,20.94,68.96,336.64,-0.09,0.08,-0.99,20.94,68.96,336.64,-0.09,0.08,-0.99,3.05
89.87,21.93,57.60,339.34,-0.02,-0.43,-0.90,20.19,69.02,337.31,-0.10,0.07,-0.99,20.19,69.02,337.31,-0.10,0.07,-0.99,3.04
90.07,21.50,57.74,339.59,-0.03,-0.43,-0.90,20.13,69.16,337.54,-0.09,0.07,-0.99,20.13,69.16,337.54,-0.09,0.07,-0.99,3.05
90.27,21.34,57.34,338.72,-0.03,-0.43,-0.90,20.15,68.99,336.62,-0.08,0.08,-0.99,20.15,68.99,336.62,-0.08,0.08,-0.99,3.06
90.47,21.46,57.38,338.74,-0.03,-0.43,-0.90,20.22,69.08,336.62,-0.09,0.08,-0.99,20.22,69.08,336.62,-0.09,0.08,-0.99,3.06
90.67,21.66,57.44,338.85,-0.03,-0.43,-0.90,20.46,69.00,336.76,-0.09,0.08,-0.99,20.46,69.00,336.76,-0.09,0.08,-0.99,3.06
90.87,22.27,57.38,338.68,-0.02,-0.43,-0.90,20.64,69.07,336.60,-0.10,0.08,-0.99,20.64,69.07,336.60,-0.10,0.08,-0.99,3.05
91.07,22.54,57.20,338.36,-0.03,-0.44,-0.90,21.03,69.08,336.24,-0.09,0.08,-0.99,21.03,69.08,336.24,-0.09,0.08,-0.99,3.05
91.27,23.11,57.47,338.77,-0.04,-0.43,-0.90,21.96,69.09,336.67,-0.09,0.08,-0.99,21.96,69.09,336.67,-0.09,0.08,-0.99,3.05
91.47,23.71,57.49,338.88,-0.05,-0.43,-0.90,22.81,69.12,336.76,-0.09,0.08,-0.99,22.81,69.12,336.76,-0.09,0.08,-0.99,3.06
91.67,24.33,57.54,338.91,-0.05,-0.43,-0.90,23.48,69.07,336.81,-0.09,0.08,-0.99,23.48,69.07,336.81,-0.09,0.08,-0.99,3.06
91.87,25.03,57.58,338.96,-0.05,-0.43,-0.90,24.19,69.07,336.86,-0.09,0.08,-0.99,24.19,69.07,336.86,-0.09,0.08,-0.99,3.05
92.07,25.72,57.81,339.38,-0.05,-0.43,-0.90,24.94,69.21,337.30,-0.09,0.07,-0.99,24.94,69.21,337.30,-0.09,0.07,-0.99,3.05
92.27,26.54,57.81,339.50,-0.05,-0.43,-0.90,25.46,69.25,337.43,-0.10,0.07,-0.99,25.46,69.25,337.43,-0.10,0.07,-0.99,3.04
92.47,27.06,57.65,339.53,-0.07,-0.43,-0.90,26.64,69.17,337.41,-0.08,0.08,-0.99,26.64,69.17,337.41,-0.08,0.08,-0.99,3.06
92.67,27.76,57.79,339.82,-0.07,-0.43,-0.90,27.40,69.15,337.72,-0.09,0.07,-0.99,27.40,69.15,337.72,-0.09,0.07,-0.99,3.06
92.87,28.30,57.93,340.16,-0.08,-0.43,-0.90,28.38,69.22,338.04,-0.08,0.07,-0.99,28.30,57.93,340.16,-0.08,-0.43,-0.90,3.05
93.07,29.06,57.95,340.36,-0.07,-0.42,-0.90,28.68,69.10,338.30,-0.09,0.07,-0.99,28.68,69.10,338.30,-0.09,0.07,-0.99,3.05
93.27,29.58,58.19,340.89,-0.08,-0.42,-0.90,29.46,69.09,338.86,-0.09,0.06,-0.99,29.46,69.09,338.86,-0.09,0.06,-0.99,3.06
93.47,30.05,58.23,340.95,-0.08,-0.42,-0.90,29.97,69.10,338.92,-0.09,0.06,-0.99,29.97,69.10,338.92,-0.09,0.06,-0.99,3.06
93.68,30.60,58.15,340.95,-0.09,-0.42,-0.90,30.68,69.08,338.89,-0.08,0.06,-0.99,30.60,58.15,340.95,-0.09,-0.42,-0.90,3.05
93.88,31.16,58.32,341.20,-0.09,-0.42,-0.90,31.26,69.09,339.17,-0.08,0.06,-0.99,31.26,69.09,339.17,-0.08,0.06,-0.99,3.06
94.08,31.91,58.27,341.21,-0.10,-0.42,-0.90,32.28,69.14,339.14,-0.08,0.06,-0.99,32.28,69.14,339.14,-0.08,0.06,-0.99,3.06
94.28,32.82,58.61,341.66,-0.10,-0.41,-0.91,33.27,69.08,339.65,-0.08,0.05,-1.00,33.27,69.08,339.65,-0.08,0.05,-1.00,3.06
94.48,33.62,58.15,340.77,-0.12,-0.42,-0.90,34.86,69.31,338.55,-0.07,0.07,-1.00,34.86,69.31,338.55,-0.07,0.07,-1.00,3.07
94.68,34.66,58.05,340.50,-0.11,-0.42,-0.90,35.38,69.18,338.34,-0.08,0.07,-0.99,35.38,69.18,338.34,-0.08,0.07,-0.99,3.06
94.88,35.28,58.07,340.22,-0.16,-0.43,-0.89,37.82,69.25,337.85,-0.05,0.07,-1.00,37.82,69.25,337.85,-0.05,0.07,-1.00,3.10
95.08,36.40,58.54,341.00,-0.14,-0.41,-0.90,37.94,69.06,338.86,-0.07,0.05,-1.00,37.94,69.06,338.86,-0.07,0.05,-1.00,3.07
95.28,37.19,58.59,341.05,-0.14,-0.41,-0.90,38.75,69.26,338.86,-0.07,0.06,-1.00,38.75,69.26,338.86,-0.07,0.06,-1.00,3.07
95.48,38.00,58.59,341.29,-0.13,-0.41,-0.90,39.22,69.10,339.18,-0.08,0.05,-1.00,39.22,69.10,339.18,-0.08,0.05,-1.00,3.06
95.68,38.52,58.70,341.38,-0.14,-0.41,-0.90,39.88,69.20,339.25,-0.08,0.05,-1.00,39.88,69.20,339.25,-0.08,0.05,-1.00,3.06
95.88,38.73,58.53,341.05,-0.15,-0.41,-0.90,40.66,69.14,338.83,-0.07,0.06,-1.00,40.66,69.14,338.83,-0.07,0.06,-1.00,3.07
96.08,39.08,58.61,340.93,-0.15,-0.41,-0.90,40.92,69.13,338.74,-0.07,0.05,-1.00,40.92,69.13,338.74,-0.07,0.05,-1.00,3.07
96.28,39.14,58.59,341.09,-0.16,-0.41,-0.90,41.23,69.16,338.85,-0.07,0.06,-1.00,41.23,69.16,338.85,-0.07,0.06,-1.00,3.08
96.48,39.20,58.47,340.88,-0.15,-0.41,-0.90,41.01,69.14,338.67,-0.07,0.06,-1.00,41.01,69.14,338.67,-0.07,0.06,-1.00,3.07
96.68,39.09,58.42,340.76,-0.15,-0.41,-0.90,40.89,69.10,338.55,-0.07,0.06,-1.00,40.89,69.10,338.55,-0.07,0.06,-1.00,3.07
96.88,39.00,58.55,340.86,-0.16,-0.41,-0.90,41.00,69.18,338.63,-0.07,0.06,-1.00,41.00,69.18,338.63,-0.07,0.06,-1.00,3.07
97.08,39.01,58.63,340.66,-0.16,-0.41,-0.90,41.24,69.22,338.40,-0.06,0.06,-1.00,41.24,69.22,338.40,-0.06,0.06,-1.00,3.08
97.28,39.03,58.63,340.34,-0.16,-0.41,-0.90,41.39,69.13,338.08,-0.06,0.05,-1.00,41.39,69.13,338.08,-0.06,0.05,-1.00,3.08
97.48,39.09,58.45,339.68,-0.17,-0.42,-0.89,41.49,69.19,337.37,-0.06,0.06,-1.00,41.49,69.19,337.37,-0.06,0.06,-1.00,3.08
97.68,39.11,58.52,339.58,-0.17,-0.42,-0.89,41.61,69.27,337.25,-0.06,0.06,-1.00,41.61,69.27,337.25,-0.06,0.06,-1.00,3.08
97.88,39.16,58.42,339.07,-0.17,-0.42,-0.89,41.56,69.22,336.75,-0.06,0.06,-1.00,41.56,69.22,336.75,-0.06,0.06,-1.00,3.08
98.08,39.07,58.59,339.13,-0.17,-0.41,-0.90,41.59,69.18,336.83,-0.06,0.05,-1.00,41.59,69.18,336.83,-0.06,0.05,-1.00,3.08
98.28,39.05,58.38,338.73,-0.17,-0.42,-0.89,41.46,69.22,336.39,-0.06,0.06,-1.00,41.46,69.22,336.39,-0.06,0.06,-1.00,3.08
98.48,38.96,58.54,338.86,-0.16,-0.42,-0.89,41.33,69.27,336.55,-0.06,0.06,-1.00,41.33,69.27,336.55,-0.06,0.06,-1.00,3.08
98.68,38.64,58.44,338.63,-0.17,-0.42,-0.89,41.37,69.30,336.25,-0.05,0.06,-1.00,41.37,69.30,336.25,-0.05,0.06,-1.00,3.09
98.88,38.38,58.57,338.69,-0.17,-0.41,-0.89,40.97,69.22,336.37,-0.05,0.06,-1.00,40.97,69.22,336.37,-0.05,0.06,-1.00,3.09
99.08,38.13,58.48,338.46,-0.16,-0.41,-0.90,40.55,69.18,336.15,-0.06,0.06,-1.00,40.55,69.18,336.15,-0.06,0.06,-1.00,3.08
99.29,37.67,58.49,338.32,-0.17,-0.42,-0.89,40.38,69.32,335.96,-0.05,0.06,-1.00,40.38,69.32,335.96,-0.05,0.06,-1.00,3.09
99.49,37.46,58.78,338.68,-0.16,-0.41,-0.90,39.97,69.19,336.42,-0.05,0.05,-1.00,39.97,69.19,336.42,-0.05,0.05,-1.00,3.09
99.69,36.93,58.60,338.26,-0.17,-0.41,-0.89,39.91,69.27,335.89,-0.04,0.06,-1.00,39.91,69.27,335.89,-0.04,0.06,-1.00,3.10
99.89,36.68,58.69,338.28,-0.16,-0.41,-0.90,39.22,69.20,336.00,-0.05,0.05,-1.00,39.22,69.20,336.00,-0.05,0.05,-1.00,3.09
100.09,36.24,58.73,338.23,-0.17,-0.41,-0.90,38.99,69.28,335.92,-0.05,0.05,-1.00,38.99,69.28,335.92,-0.05,0.05,-1.00,3.10
100.29,35.98,58.72,337.95,-0.16,-0.41,-0.90,38.44,69.33,335.66,-0.05,0.05,-1.00,38.44,69.33,335.66,-0.05,0.05,-1.00,3.09
100.49,35.61,58.79,337.88,-0.16,-0.41,-0.90,38.07,69.26,335.62,-0.05,0.05,-1.00,38.07,69.26,335.62,-0.05,0.05,-1.00,3.09
100.69,35.10,58.75,337.49,-0.16,-0.41,-0.90,37.55,69.29,335.22,-0.05,0.05,-1.00,37.55,69.29,335.22,-0.05,0.05,-1.00,3.09
100.89,34.71,58.68,336.81,-0.15,-0.41,-0.90,36.97,69.38,334.52,-0.05,0.05,-1.00,36.97,69.38,334.52,-0.05,0.05,-1.00,3.09
101.09,34.31,58.66,336.40,-0.15,-0.42,-0.90,36.70,69.40,334.10,-0.05,0.05,-1.00,36.70,69.40,334.10,-0.05,0.05,-1.00,3.09
101.29,34.00,58.63,335.94,-0.15,-0.41,-0.90,36.25,69.34,333.66,-0.05,0.05,-1.00,36.25,69.34,333.66,-0.05,0.05,-1.00,3.09
101.49,33.57,58.73,335.82,-0.15,-0.42,-0.90,35.87,69.48,333.52,-0.05,0.05,-1.00,35.87,69.48,333.52,-0.05,0.05,-1.00,3.09
101.69,33.06,58.48,335.11,-0.15,-0.42,-0.89,35.49,69.47,332.76,-0.04,0.06,-1.00,35.49,69.47,332.76,-0.04,0.06,-1.00,3.10
101.89,32.46,58.69,335.24,-0.14,-0.42,-0.90,34.65,69.49,332.95,-0.05,0.05,-1.00,34.65,69.49,332.95,-0.05,0.05,-1.00,3.09
102.09,31.85,58.31,334.43,-0.14,-0.43,-0.89,34.18,69.53,332.05,-0.04,0.06,-1.00,34.18,69.53,332.05,-0.04,0.06,-1.00,3.10
102.29,31.36,58.40,334.53,-0.14,-0.42,-0.89,33.69,69.51,332.17,-0.04,0.06,-1.00,33.69,69.51,332.17,-0.04,0.06,-1.00,3.10
102.49,30.96,58.47,334.66,-0.13,-0.42,-0.90,32.94,69.59,332.34,-0.05,0.06,-1.00,32.94,69.59,332.34,-0.05,0.06,-1.00,3.09
102.69,30.65,58.67,335.17,-0.13,-0.42,-0.90,32.31,69.44,332.95,-0.05,0.05,-1.00,32.31,69.44,332.95,-0.05,0.05,-1.00,3.09
102.89,30.26,58.53,334.51,-0.13,-0.42,-0.90,32.31,69.56,332.19,-0.04,0.06,-1.00,32.31,69.56,332.19,-0.04,0.06,-1.00,3.10
103.09,30.18,58.38,334.01,-0.13,-0.42,-0.90,31.97,69.56,331.69,-0.05,0.06,-1.00,31.97,69.56,331.69,-0.05,0.06,-1.00,3.09
103.29,30.54,58.54,334.09,-0.12,-0.42,-0.90,31.97,69.49,331.85,-0.06,0.06,-1.00,31.97,69.49,331.85,-0.06,0.06,-1.00,3.08
103.49,31.03,58.25,333.45,-0.12,-0.43,-0.89,32.46,69.68,331.11,-0.06,0.07,-1.00,32.46,69.68,331.11,-0.06,0.07,-1.00,3.08
103.69,31.78,58.32,333.45,-0.12,-0.43,-0.90,33.22,69.59,331.14,-0.06,0.06,-1.00,33.22,69.59,331.14,-0.06,0.06,-1.00,3.08
103.89,32.54,58.36,333.27,-0.12,-0.43,-0.90,33.64,69.60,331.00,-0.07,0.06,-1.00,33.64,69.60,331.00,-0.07,0.06,-1.00,3.07
104.10,33.31,58.27,333.00,-0.12,-0.43,-0.89,34.54,69.70,330.67,-0.07,0.07,-1.00,34.54,69.70,330.67,-0.07,0.07,-1.00,3.07
104.30,34.02,58.20,332.62,-0.12,-0.43,-0.90,35.02,69.62,330.31,-0.08,0.07,-0.99,35.02,69.62,330.31,-0.08,0.07,-0.99,3.06
104.50,34.55,58.20,332.42,-0.12,-0.43,-0.89,35.32,69.74,330.12,-0.08,0.07,-0.99,35.32,69.74,330.12,-0.08,0.07,-0.99,3.06
104.70,34.94,58.50,332.63,-0.11,-0.42,-0.90,35.49,69.65,330.42,-0.09,0.06,-0.99,35.49,69.65,330.42,-0.09,0.06,-0.99,3.05
104.90,35.21,57.95,331.86,-0.11,-0.43,-0.89,35.46,69.61,329.58,-0.10,0.07,-0.99,35.46,69.61,329.58,-0.10,0.07,-0.99,3.05
105.10,35.23,58.31,332.12,-0.11,-0.43,-0.90,35.60,69.61,329.90,-0.09,0.06,-0.99,35.60,69.61,329.90,-0.09,0.06,-0.99,3.05
105.30,35.18,58.24,331.80,-0.10,-0.43,-0.90,35.36,69.59,329.59,-0.10,0.06,-0.99,35.36,69.59,329.59,-0.10,0.06,-0.99,3.04
105.50,35.01,58.25,331.67,-0.10,-0.43,-0.90,35.07,69.59,329.48,-0.10,0.06,-0.99,35.07,69.59,329.48,-0.10,0.06,-0.99,3.04
105.70,34.67,57.90,330.91,-0.10,-0.44,-0.89,34.86,69.70,328.61,-0.10,0.07,-0.99,34.86,69.70,328.61,-0.10,0.07,-0.99,3.05
105.90,34.16,58.11,330.88,-0.10,-0.43,-0.90,34.24,69.64,328.64,-0.10,0.07,-0.99,34.24,69.64,328.64,-0.10,0.07,-0.99,3.04
106.11,33.46,57.92,330.59,-0.09,-0.44,-0.89,33.24,69.72,328.32,-0.10,0.07,-0.99,33.24,69.72,328.32,-0.10,0.07,-0.99,3.04
106.31,32.44,59.45,332.59,-0.09,-0.54,-0.84,32.42,75.34,329.35,-0.09,0.17,-0.98,32.42,75.34,329.35,-0.09,0.17,-0.98,3.05
106.51,31.15,58.01,330.50,-0.09,-0.44,-0.89,31.24,70.12,328.13,-0.09,0.08,-0.99,31.15,58.01,330.50,-0.09,-0.44,-0.89,3.04
106.72,30.08,57.73,329.77,-0.06,-0.44,-0.89,29.06,69.88,327.50,-0.11,0.08,-0.99,29.06,69.88,327.50,-0.11,0.08,-0.99,3.03
106.92,28.49,57.90,329.70,-0.08,-0.44,-0.89,28.31,70.03,327.35,-0.09,0.08,-0.99,28.31,70.03,327.35,-0.09,0.08,-0.99,3.06
107.12,26.91,57.89,329.48,-0.08,-0.45,-0.89,27.24,70.23,327.04,-0.07,0.08,-0.99,26.91,57.89,329.48,-0.08,-0.45,-0.89,3.05
107.32,25.63,57.89,329.23,-0.07,-0.45,-0.89,25.54,70.07,326.86,-0.08,0.08,-0.99,25.54,70.07,326.86,-0.08,0.08,-0.99,3.07
107.52,24.37,57.80,329.01,-0.06,-0.45,-0.89,23.72,69.98,326.68,-0.08,0.08,-0.99,23.72,69.98,326.68,-0.08,0.08,-0.99,3.06
107.72,23.10,57.77,328.72,-0.05,-0.45,-0.89,22.31,69.97,326.40,-0.08,0.08,-0.99,22.31,69.97,326.40,-0.08,0.08,-0.99,3.06
107.92,21.88,57.61,328.26,-0.04,-0.45,-0.89,20.84,70.02,325.91,-0.08,0.08,-0.99,20.84,70.02,325.91,-0.08,0.08,-0.99,3.06
108.12,20.60,57.85,328.55,-0.05,-0.45,-0.89,20.35,70.32,326.13,-0.06,0.08,-0.99,20.35,70.32,326.13,-0.06,0.08,-0.99,3.08
108.32,19.81,57.70,328.19,-0.04,-0.45,-0.89,18.90,69.94,325.86,-0.08,0.08,-0.99,18.90,69.94,325.86,-0.08,0.08,-0.99,3.07
108.52,19.12,57.67,327.94,-0.03,-0.45,-0.89,17.90,69.94,325.62,-0.08,0.08,-0.99,17.90,69.94,325.62,-0.08,0.08,-0.99,3.06
108.72,18.88,57.55,327.48,-0.02,-0.45,-0.89,17.40,70.00,325.13,-0.08,0.08,-0.99,17.40,70.00,325.13,-0.08,0.08,-0.99,3.06
108.92,18.88,57.63,327.23,-0.03,-0.45,-0.89,17.59,69.94,324.89,-0.08,0.08,-0.99,17.59,69.94,324.89,-0.08,0.08,-0.99,3.06
109.12,19.12,57.64,326.91,-0.03,-0.45,-0.89,17.92,70.18,324.52,-0.08,0.08,-0.99,17.92,70.18,324.52,-0.08,0.08,-0.99,3.06
109.32,19.68,57.51,326.33,-0.02,-0.45,-0.89,18.05,70.00,323.97,-0.09,0.08,-0.99,18.05,70.00,323.97,-0.09,0.08,-0.99,3.05
109.52,20.50,57.40,326.03,-0.01,-0.45,-0.89,18.45,70.06,323.67,-0.10,0.09,-0.99,18.45,70.06,323.67,-0.10,0.09,-0.99,3.04
109.72,20.70,57.53,325.69,-0.04,-0.46,-0.89,19.84,70.23,323.25,-0.08,0.08,-0.99,19.84,70.23,323.25,-0.08,0.08,-0.99,3.06
109.92,21.63,57.61,325.50,-0.03,-0.45,-0.89,20.28,69.94,323.17,-0.09,0.08,-0.99,20.28,69.94,323.17,-0.09,0.08,-0.99,3.05
110.12,22.45,57.57,325.23,-0.03,-0.45,-0.89,20.81,69.98,322.90,-0.10,0.08,-0.99,20.81,69.98,322.90,-0.10,0.08,-0.99,3.04
110.32,23.24,57.65,325.42,-0.03,-0.45,-0.89,21.64,70.10,323.07,-0.10,0.08,-0.99,21.64,70.10,323.07,-0.10,0.08,-0.99,3.04
110.52,23.83,57.42,324.87,-0.05,-0.45,-0.89,22.78,69.98,322.47,-0.09,0.08,-0.99,22.78,69.98,322.47,-0.09,0.08,-0.99,3.05
110.72,24.57,57.64,325.29,-0.04,-0.45,-0.89,23.29,69.94,322.97,-0.10,0.08,-0.99,23.29,69.94,322.97,-0.10,0.08,-0.99,3.04
110.92,25.12,57.39,324.88,-0.05,-0.45,-0.89,24.20,70.04,322.46,-0.09,0.08,-0.99,24.20,70.04,322.46,-0.09,0.08,-0.99,3.05
111.12,25.91,57.44,325.10,-0.04,-0.46,-0.89,24.23,70.24,322.71,-0.11,0.09,-0.99,24.23,70.24,322.71,-0.11,0.09,-0.99,3.03
111.32,26.33,57.42,325.12,-0.05,-0.45,-0.89,24.98,69.93,322.76,-0.10,0.08,-0.99,24.98,69.93,322.76,-0.10,0.08,-0.99,3.04
111.52,26.75,57.59,325.45,-0.05,-0.45,-0.89,25.59,69.93,323.12,-0.10,0.08,-0.99,25.59,69.93,323.12,-0.10,0.08,-0.99,3.04
111.72,26.94,57.50,325.50,-0.06,-0.45,-0.89,26.26,69.82,323.14,-0.09,0.08,-0.99,26.26,69.82,323.14,-0.09,0.08,-0.99,3.05
111.92,27.29,57.61,325.78,-0.06,-0.45,-0.89,26.26,70.00,323.43,-0.10,0.08,-0.99,26.26,70.00,323.43,-0.10,0.08,-0.99,3.04
112.12,27.41,57.55,325.92,-0.05,-0.45,-0.89,26.27,69.96,323.58,-0.10,0.08,-0.99,26.27,69.96,323.58,-0.10,0.08,-0.99,3.04
112.32,27.39,57.57,325.93,-0.05,-0.45,-0.89,26.24,69.88,323.61,-0.10,0.08,-0.99,26.24,69.88,323.61,-0.10,0.08,-0.99,3.04
112.52,27.33,57.76,326.41,-0.04,-0.45,-0.89,25.77,70.29,324.07,-0.11,0.08,-0.99,25.77,70.29,324.07,-0.11,0.08,-0.99,3.03
112.72,27.40,57.67,326.30,-0.03,-0.45,-0.89,25.34,70.17,324.01,-0.12,0.08,-0.99,25.34,70.17,324.01,-0.12,0.08,-0.99,3.02
112.92,26.78,57.59,326.32,-0.05,-0.45,-0.89,25.44,69.94,324.00,-0.10,0.08,-0.99,25.44,69.94,324.00,-0.10,0.08,-0.99,3.04
113.12,26.48,57.42,326.15,-0.03,-0.45,-0.89,24.61,69.91,323.85,-0.11,0.08,-0.99,24.61,69.91,323.85,-0.11,0.08,-0.99,3.03
113.32,25.89,57.87,326.99,-0.04,-0.44,-0.90,24.41,69.86,324.76,-0.10,0.07,-0.99,24.41,69.86,324.76,-0.10,0.07,-0.99,3.04
113.52,25.60,57.55,326.40,-0.02,-0.45,-0.89,23.37,69.96,324.13,-0.12,0.08,-0.99,23.37,69.96,324.13,-0.12,0.08,-0.99,3.02
113.72,24.81,57.89,327.14,-0.05,-0.45,-0.89,23.78,70.11,324.81,-0.09,0.08,-0.99,23.78,70.11,324.81,-0.09,0.08,-0.99,3.05
113.92,24.35,57.69,326.78,-0.04,-0.45,-0.89,22.96,69.96,324.47,-0.10,0.08,-0.99,22.96,69.96,324.47,-0.10,0.08,-0.99,3.04
114.12,24.00,57.72,326.94,-0.02,-0.44,-0.90,22.02,69.88,324.70,-0.11,0.07,-0.99,22.02,69.88,324.70,-0.11,0.07,-0.99,3.03
114.32,23.36,57.73,326.98,-0.02,-0.44,-0.90,21.37,69.84,324.75,-0.11,0.07,-0.99,21.37,69.84,324.75,-0.11,0.07,-0.99,3.03
114.52,22.80,57.64,326.93,-0.02,-0.45,-0.89,20.77,69.96,324.66,-0.11,0.08,-0.99,20.77,69.96,324.66,-0.11,0.08,-0.99,3.03
114.72,22.30,57.76,327.29,-0.02,-0.44,-0.90,20.40,69.95,325.03,-0.10,0.08,-0.99,20.40,69.95,325.03,-0.10,0.08,-0.99,3.04
114.92,21.88,57.47,326.77,-0.02,-0.45,-0.89,19.98,69.90,324.46,-0.10,0.08,-0.99,19.98,69.90,324.46,-0.10,0.08,-0.99,3.04
115.12,21.59,57.60,327.02,-0.02,-0.45,-0.89,19.55,69.92,324.74,-0.10,0.08,-0.99,19.55,69.92,324.74,-0.10,0.08,-0.99,3.04
115.32,21.36,57.81,327.21,-0.01,-0.44,-0.90,19.23,69.96,324.96,-0.10,0.07,-0.99,19.23,69.96,324.96,-0.10,0.07,-0.99,3.04
115.52,21.10,57.48,326.50,-0.02,-0.45,-0.89,19.29,69.94,324.18,-0.10,0.08,-0.99,19.29,69.94,324.18,-0.10,0.08,-0.99,3.04
115.73,21.00,57.62,326.69,-0.01,-0.45,-0.89,18.89,70.00,324.39,-0.10,0.08,-0.99,18.89,70.00,324.39,-0.10,0.08,-0.99,3.04
115.93,20.76,57.61,326.69,-0.02,-0.45,-0.89,18.83,69.96,324.39,-0.10,0.08,-0.99,18.83,69.96,324.39,-0.10,0.08,-0.99,3.04
116.13,20.55,57.46,326.50,-0.02,-0.45,-0.89,18.95,69.85,324.18,-0.09,0.08,-0.99,18.95,69.85,324.18,-0.09,0.08,-0.99,3.05
116.33,20.62,57.64,326.74,-0.01,-0.45,-0.89,18.65,69.96,324.44,-0.10,0.08,-0.99,18.65,69.96,324.44,-0.10,0.08,-0.99,3.04
116.53,20.44,57.61,326.78,-0.02,-0.45,-0.89,18.69,70.12,324.43,-0.09,0.08,-0.99,18.69,70.12,324.43,-0.09,0.08,-0.99,3.05
116.73,20.47,57.73,327.06,-0.01,-0.44,-0.90,18.44,69.93,324.80,-0.10,0.08,-0.99,18.44,69.93,324.80,-0.10,0.08,-0.99,3.04
116.93,20.31,57.56,327.03,-0.01,-0.45,-0.89,18.39,69.92,324.73,-0.10,0.08,-0.99,18.39,69.92,324.73,-0.10,0.08,-0.99,3.04
117.13,20.11,57.55,327.20,-0.02,-0.45,-0.89,18.30,69.84,324.91,-0.09,0.08,-0.99,18.30,69.84,324.91,-0.09,0.08,-0.99,3.05
117.33,19.93,57.69,327.63,-0.02,-0.44,-0.90,18.27,69.79,325.37,-0.09,0.07,-0.99,18.27,69.79,325.37,-0.09,0.07,-0.99,3.05
117.53,19.93,57.72,327.76,-0.01,-0.44,-0.90,17.94,69.81,325.51,-0.10,0.07,-0.99,17.94,69.81,325.51,-0.10,0.07,-0.99,3.04
117.73,19.89,57.63,327.66,-0.02,-0.44,-0.90,18.07,69.76,325.40,-0.09,0.07,-0.99,18.07,69.76,325.40,-0.09,0.07,-0.99,3.05
117.93,19.88,57.90,328.23,-0.01,-0.44,-0.90,17.82,69.73,326.04,-0.10,0.07,-0.99,17.82,69.73,326.04,-0.10,0.07,-0.99,3.04
118.13,20.06,57.77,327.84,-0.01,-0.44,-0.90,17.84,69.87,325.60,-0.10,0.07,-0.99,17.84,69.87,325.60,-0.10,0.07,-0.99,3.04
118.33,20.24,57.73,327.75,-0.01,-0.44,-0.90,18.14,69.83,325.51,-0.10,0.07,-0.99,18.14,69.83,325.51,-0.10,0.07,-0.99,3.04
118.53,20.39,57.49,327.49,-0.01,-0.45,-0.89,18.42,69.86,325.19,-0.10,0.08,-0.99,18.42,69.86,325.19,-0.10,0.08,-0.99,3.04
118.73,20.68,57.47,327.24,-0.01,-0.45,-0.89,18.69,69.85,324.94,-0.10,0.08,-0.99,18.69,69.85,324.94,-0.10,0.08,-0.99,3.04
118.93,20.85,57.49,327.29,-0.03,-0.46,-0.89,19.41,70.17,324.90,-0.09,0.09,-0.99,19.41,70.17,324.90,-0.09,0.09,-0.99,3.05
119.13,21.26,57.66,327.48,-0.02,-0.44,-0.90,19.35,69.85,325.22,-0.10,0.08,-0.99,19.35,69.85,325.22,-0.10,0.08,-0.99,3.04
119.33,21.75,57.63,327.24,-0.01,-0.45,-0.89,19.30,69.95,324.98,-0.11,0.08,-0.99,19.30,69.95,324.98,-0.11,0.08,-0.99,3.03
119.53,21.69,57.57,327.43,-0.02,-0.45,-0.89,20.03,69.94,325.12,-0.10,0.08,-0.99,20.03,69.94,325.12,-0.10,0.08,-0.99,3.05
119.73,21.92,57.50,327.25,-0.02,-0.45,-0.89,19.95,69.84,324.97,-0.10,0.08,-0.99,19.95,69.84,324.97,-0.10,0.08,-0.99,3.04
119.93,21.94,57.37,327.23,-0.03,-0.45,-0.89,20.26,69.72,324.93,-0.10,0.08,-0.99,20.26,69.72,324.93,-0.10,0.08,-0.99,3.04
120.13,22.19,57.67,327.76,-0.01,-0.44,-0.90,20.00,69.84,325.53,-0.11,0.08,-0.99,20.00,69.84,325.53,-0.11,0.08,-0.99,3.03
120.33,22.15,57.54,327.98,-0.02,-0.45,-0.89,20.27,69.84,325.70,-0.10,0.08,-0.99,20.27,69.84,325.70,-0.10,0.08,-0.99,3.04
120.53,22.40,57.65,328.19,-0.01,-0.44,-0.90,20.22,69.82,325.96,-0.11,0.08,-0.99,20.22,69.82,325.96,-0.11,0.08,-0.99,3.03
120.73,22.90,57.54,328.18,-0.02,-0.45,-0.89,20.69,69.89,325.92,-0.11,0.08,-0.99,20.69,69.89,325.92,-0.11,0.08,-0.99,3.03
120.93,23.45,57.44,328.01,-0.02,-0.45,-0.89,21.50,69.73,325.76,-0.11,0.08,-0.99,21.50,69.73,325.76,-0.11,0.08,-0.99,3.03
121.13,23.95,57.41,327.98,-0.03,-0.45,-0.89,22.16,69.75,325.70,-0.10,0.08,-0.99,22.16,69.75,325.70,-0.10,0.08,-0.99,3.04
121.33,24.42,57.69,328.41,-0.02,-0.44,-0.90,22.30,69.85,326.19,-0.11,0.08,-0.99,22.30,69.85,326.19,-0.11,0.08,-0.99,3.03
121.53,24.54,57.66,328.31,-0.03,-0.44,-0.90,22.64,69.81,326.08,-0.11,0.08,-0.99,22.64,69.81,326.08,-0.11,0.08,-0.99,3.03
121.73,24.52,57.59,328.26,-0.03,-0.45,-0.89,22.82,69.85,325.99,-0.10,0.08,-0.99,22.82,69.85,325.99,-0.10,0.08,-0.99,3.04
121.93,24.31,57.70,328.37,-0.02,-0.44,-0.90,22.20,69.74,326.18,-0.11,0.07,-0.99,22.20,69.74,326.18,-0.11,0.07,-0.99,3.03
122.13,23.71,57.64,328.43,-0.03,-0.44,-0.90,21.84,69.81,326.19,-0.11,0.08,-0.99,21.84,69.81,326.19,-0.11,0.08,-0.99,3.04
122.33,22.76,57.38,328.08,-0.03,-0.45,-0.89,21.19,69.82,325.77,-0.10,0.08,-0.99,21.19,69.82,325.77,-0.10,0.08,-0.99,3.04
122.53,21.89,57.53,328.33,-0.03,-0.44,-0.90,20.31,69.71,326.06,-0.09,0.08,-0.99,20.31,69.71,326.06,-0.09,0.08,-0.99,3.05
122.73,21.22,57.61,328.33,-0.02,-0.44,-0.90,19.37,69.81,326.07,-0.10,0.08,-0.99,19.37,69.81,326.07,-0.10,0.08,-0.99,3.04
122.93,20.61,57.50,328.22,-0.02,-0.45,-0.89,18.83,69.79,325.94,-0.09,0.08,-0.99,18.83,69.79,325.94,-0.09,0.08,-0.99,3.05
123.13,20.19,57.58,328.23,-0.01,-0.44,-0.90,18.09,69.77,325.98,-0.10,0.08,-0.99,18.09,69.77,325.98,-0.10,0.08,-0.99,3.04
123.34,19.67,57.39,327.95,-0.02,-0.45,-0.89,17.95,69.84,325.62,-0.09,0.08,-0.99,17.95,69.84,325.62,-0.09,0.08,-0.99,3.05
123.54,19.51,57.55,328.22,-0.01,-0.45,-0.90,17.47,69.79,325.96,-0.10,0.08,-0.99,17.47,69.79,325.96,-0.10,0.08,-0.99,3.04
123.74,19.49,57.42,328.09,-0.01,-0.45,-0.89,17.52,69.78,325.80,-0.10,0.08,-0.99,17.52,69.78,325.80,-0.10,0.08,-0.99,3.05
123.94,19.71,57.51,328.35,-0.00,-0.45,-0.89,17.43,69.83,326.08,-0.10,0.08,-0.99,17.43,69.83,326.08,-0.10,0.08,-0.99,3.04
124.14,19.83,57.59,328.56,-0.01,-0.44,-0.90,17.70,69.77,326.31,-0.10,0.08,-0.99,17.70,69.77,326.31,-0.10,0.08,-0.99,3.04
124.34,19.89,57.30,328.39,-0.02,-0.45,-0.89,18.46,69.63,326.08,-0.09,0.08,-0.99,18.46,69.63,326.08,-0.09,0.08,-0.99,3.06
124.54,20.33,57.35,328.49,-0.01,-0.45,-0.89,18.39,69.64,326.22,-0.10,0.08,-0.99,18.39,69.64,326.22,-0.10,0.08,-0.99,3.04
124.74,20.61,57.48,328.89,-0.02,-0.45,-0.90,18.68,69.71,326.63,-0.10,0.08,-0.99,18.68,69.71,326.63,-0.10,0.08,-0.99,3.04
124.94,21.10,57.50,328.86,-0.00,-0.45,-0.90,18.66,69.71,326.64,-0.11,0.08,-0.99,18.66,69.71,326.64,-0.11,0.08,-0.99,3.03
125.14,21.42,57.44,328.69,-0.01,-0.45,-0.89,19.31,69.72,326.43,-0.10,0.08,-0.99,19.31,69.72,326.43,-0.10,0.08,-0.99,3.04
125.34,21.78,57.37,328.67,-0.01,-0.45,-0.89,19.55,69.67,326.42,-0.11,0.08,-0.99,19.55,69.67,326.42,-0.11,0.08,-0.99,3.03
125.54,22.07,57.33,328.68,-0.01,-0.45,-0.89,19.90,69.68,326.43,-0.11,0.08,-0.99,19.90,69.68,326.43,-0.11,0.08,-0.99,3.03
125.74,22.41,57.53,328.99,-0.02,-0.44,-0.90,20.39,69.67,326.77,-0.10,0.08,-0.99,20.39,69.67,326.77,-0.10,0.08,-0.99,3.04
125.94,22.77,57.21,328.48,-0.01,-0.45,-0.89,20.46,69.59,326.24,-0.11,0.08,-0.99,20.46,69.59,326.24,-0.11,0.08,-0.99,3.03
126.14,22.93,57.51,329.15,-0.01,-0.45,-0.90,20.64,69.74,326.93,-0.11,0.08,-0.99,20.64,69.74,326.93,-0.11,0.08,-0.99,3.03
126.34,23.06,57.56,329.09,-0.02,-0.44,-0.90,20.90,69.69,326.88,-0.11,0.08,-0.99,20.90,69.69,326.88,-0.11,0.08,-0.99,3.03
126.54,22.93,57.40,329.21,-0.03,-0.45,-0.89,21.19,69.69,326.94,-0.10,0.08,-0.99,21.19,69.69,326.94,-0.10,0.08,-0.99,3.04
126.74,22.94,57.65,329.34,-0.02,-0.44,-0.90,21.08,69.50,327.17,-0.10,0.07,-0.99,21.08,69.50,327.17,-0.10,0.07,-0.99,3.04
126.94,22.83,57.36,329.15,-0.02,-0.45,-0.90,20.84,69.61,326.91,-0.11,0.08,-0.99,20.84,69.61,326.91,-0.11,0.08,-0.99,3.04
127.14,22.59,57.34,329.03,-0.03,-0.45,-0.89,20.85,69.64,326.76,-0.10,0.08,-0.99,20.85,69.64,326.76,-0.10,0.08,-0.99,3.04
127.34,22.20,57.45,329.18,-0.02,-0.44,-0.90,20.41,69.65,326.94,-0.10,0.08,-0.99,20.41,69.65,326.94,-0.10,0.08,-0.99,3.04
127.54,21.72,57.34,329.09,-0.02,-0.45,-0.89,19.85,69.64,326.83,-0.10,0.08,-0.99,19.85,69.64,326.83,-0.10,0.08,-0.99,3.04
127.74,21.12,57.35,329.14,-0.02,-0.45,-0.89,19.45,69.73,326.84,-0.09,0.08,-0.99,19.45,69.73,326.84,-0.09,0.08,-0.99,3.05
127.94,20.46,57.45,329.31,-0.02,-0.44,-0.90,18.60,69.62,327.07,-0.10,0.08,-0.99,18.60,69.62,327.07,-0.10,0.08,-0.99,3.04
128.14,19.94,57.36,329.20,-0.02,-0.45,-0.89,18.10,69.70,326.92,-0.09,0.08,-0.99,18.10,69.70,326.92,-0.09,0.08,-0.99,3.05
128.34,19.21,57.25,328.99,-0.02,-0.45,-0.89,17.53,69.60,326.70,-0.09,0.08,-0.99,17.53,69.60,326.70,-0.09,0.08,-0.99,3.05
128.54,18.76,57.48,329.32,-0.01,-0.45,-0.89,16.90,69.79,327.04,-0.09,0.08,-0.99,16.90,69.79,327.04,-0.09,0.08,-0.99,3.05
128.74,18.15,57.38,328.91,-0.02,-0.45,-0.89,16.77,69.72,326.59,-0.08,0.08,-0.99,16.77,69.72,326.59,-0.08,0.08,-0.99,3.06
128.94,17.78,57.48,328.78,-0.02,-0.45,-0.90,16.20,69.72,326.49,-0.08,0.08,-0.99,16.20,69.72,326.49,-0.08,0.08,-0.99,3.06
129.14,17.29,57.33,328.49,-0.02,-0.45,-0.89,15.77,69.63,326.18,-0.08,0.08,-0.99,15.77,69.63,326.18,-0.08,0.08,-0.99,3.06
129.34,16.86,57.52,328.63,-0.01,-0.44,-0.90,15.03,69.67,326.36,-0.09,0.08,-0.99,15.03,69.67,326.36,-0.09,0.08,-0.99,3.06
129.54,16.47,57.45,328.54,-0.01,-0.44,-0.90,14.64,69.62,326.26,-0.08,0.08,-0.99,14.64,69.62,326.26,-0.08,0.08,-0.99,3.06
129.74,16.19,57.40,328.54,0.00,-0.44,-0.90,14.05,69.60,326.27,-0.09,0.08,-0.99,14.05,69.60,326.27,-0.09,0.08,-0.99,3.05
129.94,15.78,57.37,328.62,-0.00,-0.45,-0.89,13.90,69.65,326.32,-0.08,0.08,-0.99,13.90,69.65,326.32,-0.08,0.08,-0.99,3.06
130.14,15.64,57.49,328.81,0.00,-0.44,-0.90,13.55,69.61,326.56,-0.09,0.08,-0.99,13.55,69.61,326.56,-0.09,0.08,-0.99,3.05
130.34,15.48,57.51,329.00,-0.00,-0.44,-0.90,13.56,69.70,326.72,-0.08,0.08,-0.99,13.56,69.70,326.72,-0.08,0.08,-0.99,3.06
130.54,15.45,57.39,328.97,-0.01,-0.45,-0.89,13.73,69.69,326.66,-0.08,0.08,-0.99,13.73,69.69,326.66,-0.08,0.08,-0.99,3.06
130.74,15.65,57.50,329.11,0.00,-0.44,-0.90,13.52,69.69,326.84,-0.09,0.08,-0.99,13.52,69.69,326.84,-0.09,0.08,-0.99,3.05
130.94,15.76,57.52,329.26,-0.01,-0.44,-0.90,14.42,69.58,326.99,-0.07,0.08,-0.99,14.42,69.58,326.99,-0.07,0.08,-0.99,3.07
131.14,16.17,57.55,329.25,-0.01,-0.44,-0.90,14.51,69.60,326.99,-0.08,0.07,-0.99,14.51,69.60,326.99,-0.08,0.07,-0.99,3.06
131.34,16.37,57.54,329.42,-0.02,-0.44,-0.90,15.35,69.64,327.12,-0.07,0.08,-0.99,15.35,69.64,327.12,-0.07,0.08,-0.99,3.07
131.54,16.79,57.34,329.33,-0.02,-0.45,-0.89,15.37,69.62,327.02,-0.08,0.08,-0.99,15.37,69.62,327.02,-0.08,0.08,-0.99,3.06
131.74,17.20,57.24,329.27,-0.02,-0.45,-0.89,15.84,69.57,326.96,-0.08,0.08,-0.99,15.84,69.57,326.96,-0.08,0.08,-0.99,3.06
131.94,17.70,57.54,329.91,-0.01,-0.44,-0.90,16.12,69.61,327.66,-0.08,0.08,-0.99,16.12,69.61,327.66,-0.08,0.08,-0.99,3.06
132.14,18.09,57.47,330.08,-0.02,-0.44,-0.90,16.89,69.58,327.80,-0.08,0.08,-0.99,16.89,69.58,327.80,-0.08,0.08,-0.99,3.07
132.34,18.43,57.46,330.13,-0.03,-0.44,-0.90,17.63,69.61,327.82,-0.07,0.08,-0.99,17.63,69.61,327.82,-0.07,0.08,-0.99,3.07
132.54,18.99,57.81,330.54,-0.03,-0.44,-0.90,18.09,69.66,328.30,-0.07,0.07,-0.99,18.09,69.66,328.30,-0.07,0.07,-0.99,3.07
132.74,19.29,57.69,330.49,-0.04,-0.44,-0.90,18.57,69.64,328.22,-0.07,0.07,-0.99,18.57,69.64,328.22,-0.07,0.07,-0.99,3.07
132.94,19.31,57.64,330.59,-0.04,-0.44,-0.90,18.71,69.62,328.31,-0.07,0.07,-0.99,18.71,69.62,328.31,-0.07,0.07,-0.99,3.07
133.14,19.00,57.71,330.87,-0.05,-0.44,-0.90,18.66,69.64,328.58,-0.06,0.07,-1.00,18.66,69.64,328.58,-0.06,0.07,-1.00,3.08
133.34,18.43,57.75,331.24,-0.05,-0.44,-0.90,18.28,69.65,328.95,-0.06,0.07,-1.00,18.28,69.65,328.95,-0.06,0.07,-1.00,3.09
133.54,17.63,57.72,331.63,-0.05,-0.44,-0.90,17.47,69.59,329.35,-0.05,0.07,-1.00,17.47,69.59,329.35,-0.05,0.07,-1.00,3.09
133.74,16.74,57.86,332.16,-0.05,-0.44,-0.90,16.76,69.59,329.90,-0.05,0.07,-1.00,16.74,57.86,332.16,-0.05,-0.44,-0.90,3.09
133.94,15.88,57.88,332.41,-0.04,-0.44,-0.90,15.64,69.62,330.16,-0.05,0.07,-1.00,15.64,69.62,330.16,-0.05,0.07,-1.00,3.09
134.14,14.90,57.68,332.20,-0.04,-0.44,-0.90,14.79,69.50,329.94,-0.04,0.07,-1.00,14.79,69.50,329.94,-0.04,0.07,-1.00,3.10
134.34,14.04,57.83,332.43,-0.04,-0.44,-0.90,13.94,69.56,330.18,-0.04,0.07,-1.00,13.94,69.56,330.18,-0.04,0.07,-1.00,3.10
134.54,13.38,57.90,332.52,-0.04,-0.43,-0.90,13.29,69.56,330.28,-0.04,0.07,-1.00,13.29,69.56,330.28,-0.04,0.07,-1.00,3.10
134.74,12.85,57.88,332.46,-0.04,-0.44,-0.90,12.78,69.63,330.21,-0.04,0.07,-1.00,12.78,69.63,330.21,-0.04,0.07,-1.00,3.10
134.94,12.36,58.06,332.68,-0.03,-0.43,-0.90,12.24,69.46,330.50,-0.04,0.06,-1.00,12.24,69.46,330.50,-0.04,0.06,-1.00,3.10
135.14,12.16,57.86,332.30,-0.03,-0.44,-0.90,12.05,69.60,330.05,-0.04,0.07,-1.00,12.05,69.60,330.05,-0.04,0.07,-1.00,3.10
135.34,11.98,58.00,332.41,-0.04,-0.44,-0.90,12.22,69.70,330.15,-0.03,0.07,-1.00,11.98,58.00,332.41,-0.04,-0.44,-0.90,3.10
135.54,12.11,58.06,332.21,-0.04,-0.43,-0.90,12.14,69.68,329.96,-0.03,0.07,-1.00,12.11,58.06,332.21,-0.04,-0.43,-0.90,3.10
135.75,12.42,58.11,331.95,-0.04,-0.43,-0.90,12.68,69.71,329.69,-0.03,0.07,-1.00,12.68,69.71,329.69,-0.03,0.07,-1.00,3.11
135.95,13.06,58.08,331.95,-0.04,-0.43,-0.90,12.99,69.70,329.71,-0.04,0.07,-1.00,13.06,58.08,331.95,-0.04,-0.43,-0.90,3.10
136.15,14.03,57.89,331.63,-0.03,-0.44,-0.90,13.57,69.65,329.39,-0.05,0.07,-1.00,14.03,57.89,331.63,-0.03,-0.44,-0.90,3.11
136.35,14.78,58.04,331.81,-0.05,-0.43,-0.90,14.99,69.67,329.56,-0.04,0.07,-1.00,14.99,69.67,329.56,-0.04,0.07,-1.00,3.10
136.55,15.97,58.24,332.19,-0.06,-0.43,-0.90,16.55,69.73,329.94,-0.03,0.06,-1.00,16.55,69.73,329.94,-0.03,0.06,-1.00,3.11
136.75,17.30,58.23,332.42,-0.06,-0.43,-0.90,17.83,69.67,330.18,-0.04,0.06,-1.00,17.83,69.67,330.18,-0.04,0.06,-1.00,3.10
136.95,18.79,58.15,332.58,-0.07,-0.43,-0.90,19.34,69.68,330.33,-0.04,0.07,-1.00,19.34,69.68,330.33,-0.04,0.07,-1.00,3.10
137.15,20.35,58.10,332.81,-0.07,-0.43,-0.90,20.98,69.64,330.55,-0.05,0.07,-1.00,20.98,69.64,330.55,-0.05,0.07,-1.00,3.10
137.35,21.98,58.35,333.38,-0.09,-0.43,-0.90,23.01,69.67,331.12,-0.04,0.06,-1.00,23.01,69.67,331.12,-0.04,0.06,-1.00,3.10
137.55,23.57,58.33,333.48,-0.09,-0.43,-0.90,24.57,69.59,331.24,-0.05,0.06,-1.00,24.57,69.59,331.24,-0.05,0.06,-1.00,3.09
137.75,25.03,58.31,333.58,-0.10,-0.43,-0.90,26.09,69.66,331.31,-0.05,0.06,-1.00,26.09,69.66,331.31,-0.05,0.06,-1.00,3.09
137.95,26.36,58.51,334.00,-0.10,-0.42,-0.90,27.47,69.63,331.77,-0.05,0.06,-1.00,27.47,69.63,331.77,-0.05,0.06,-1.00,3.09
138.15,27.76,58.48,333.90,-0.11,-0.42,-0.90,28.95,69.65,331.65,-0.06,0.06,-1.00,28.95,69.65,331.65,-0.06,0.06,-1.00,3.09
138.35,29.06,58.41,333.82,-0.11,-0.43,-0.90,30.36,69.63,331.54,-0.06,0.06,-1.00,30.36,69.63,331.54,-0.06,0.06,-1.00,3.09
138.55,30.23,58.30,333.71,-0.12,-0.43,-0.90,31.73,69.64,331.39,-0.06,0.06,-1.00,31.73,69.64,331.39,-0.06,0.06,-1.00,3.09
138.75,31.29,58.56,334.17,-0.12,-0.42,-0.90,32.68,69.64,331.91,-0.06,0.06,-1.00,32.68,69.64,331.91,-0.06,0.06,-1.00,3.08
138.95,32.01,58.47,334.00,-0.13,-0.42,-0.90,33.59,69.60,331.70,-0.06,0.06,-1.00,33.59,69.60,331.70,-0.06,0.06,-1.00,3.08
139.15,32.70,58.53,334.16,-0.13,-0.42,-0.90,34.39,69.63,331.85,-0.06,0.06,-1.00,34.39,69.63,331.85,-0.06,0.06,-1.00,3.08
139.35,33.29,58.47,334.12,-0.14,-0.42,-0.90,35.06,69.61,331.80,-0.06,0.06,-1.00,35.06,69.61,331.80,-0.06,0.06,-1.00,3.08
139.55,33.68,58.62,334.35,-0.14,-0.42,-0.90,35.64,69.64,332.03,-0.06,0.06,-1.00,35.64,69.64,332.03,-0.06,0.06,-1.00,3.09
139.75,33.92,58.42,333.96,-0.14,-0.42,-0.89,35.79,69.58,331.61,-0.06,0.06,-1.00,35.79,69.58,331.61,-0.06,0.06,-1.00,3.08
139.96,33.66,58.46,333.89,-0.14,-0.42,-0.89,35.59,69.62,331.54,-0.06,0.06,-1.00,35.59,69.62,331.54,-0.06,0.06,-1.00,3.09
140.16,33.05,58.58,334.07,-0.14,-0.42,-0.90,35.18,69.55,331.74,-0.05,0.06,-1.00,35.18,69.55,331.74,-0.05,0.06,-1.00,3.09
140.36,32.23,58.58,334.02,-0.14,-0.42,-0.89,34.54,69.63,331.67,-0.04,0.06,-1.00,34.54,69.63,331.67,-0.04,0.06,-1.00,3.10
140.56,31.22,58.51,333.84,-0.14,-0.42,-0.90,33.22,69.57,331.51,-0.05,0.06,-1.00,33.22,69.57,331.51,-0.05,0.06,-1.00,3.09
140.76,30.05,58.60,333.99,-0.13,-0.42,-0.90,32.16,69.69,331.66,-0.04,0.06,-1.00,32.16,69.69,331.66,-0.04,0.06,-1.00,3.10
140.96,28.72,58.36,333.47,-0.14,-0.43,-0.89,31.05,69.67,331.09,-0.03,0.06,-1.00,31.05,69.67,331.09,-0.03,0.06,-1.00,3.11
141.16,27.68,58.30,333.27,-0.12,-0.43,-0.90,29.62,69.65,330.91,-0.04,0.06,-1.00,29.62,69.65,330.91,-0.04,0.06,-1.00,3.10
141.36,26.65,58.40,333.27,-0.12,-0.43,-0.90,28.59,69.65,330.94,-0.04,0.06,-1.00,28.59,69.65,330.94,-0.04,0.06,-1.00,3.10
141.56,25.76,58.46,333.34,-0.12,-0.43,-0.90,27.80,69.77,330.99,-0.03,0.06,-1.00,27.80,69.77,330.99,-0.03,0.06,-1.00,3.11
141.76,24.97,58.37,332.88,-0.11,-0.43,-0.90,26.86,69.71,330.55,-0.03,0.06,-1.00,26.86,69.71,330.55,-0.03,0.06,-1.00,3.11
141.96,24.60,58.48,332.83,-0.11,-0.42,-0.90,26.51,69.67,330.52,-0.03,0.06,-1.00,26.51,69.67,330.52,-0.03,0.06,-1.00,3.11
142.16,24.29,58.63,332.85,-0.12,-0.42,-0.90,26.29,69.76,330.55,-0.03,0.06,-1.00,26.29,69.76,330.55,-0.03,0.06,-1.00,3.11
142.36,24.03,58.60,332.63,-0.11,-0.42,-0.90,25.87,69.66,330.36,-0.03,0.05,-1.00,25.87,69.66,330.36,-0.03,0.05,-1.00,3.11
142.56,23.89,58.66,332.28,-0.11,-0.42,-0.90,25.72,69.64,330.01,-0.03,0.05,-1.00,25.72,69.64,330.01,-0.03,0.05,-1.00,3.11
142.76,23.77,58.63,332.10,-0.11,-0.42,-0.90,25.77,69.67,329.81,-0.03,0.05,-1.00,25.77,69.67,329.81,-0.03,0.05,-1.00,3.11
142.96,23.75,58.57,331.77,-0.11,-0.42,-0.90,25.66,69.68,329.47,-0.03,0.05,-1.00,25.66,69.68,329.47,-0.03,0.05,-1.00,3.11
143.16,23.47,58.48,331.42,-0.12,-0.43,-0.90,25.73,69.81,329.05,-0.02,0.06,-1.00,25.73,69.81,329.05,-0.02,0.06,-1.00,3.12
143.36,23.50,58.61,331.36,-0.11,-0.42,-0.90,25.40,69.75,329.05,-0.03,0.06,-1.00,25.40,69.75,329.05,-0.03,0.06,-1.00,3.11
143.56,23.39,58.53,331.12,-0.11,-0.43,-0.90,25.40,69.76,328.78,-0.03,0.06,-1.00,25.40,69.76,328.78,-0.03,0.06,-1.00,3.11
143.76,23.47,58.71,331.25,-0.12,-0.42,-0.90,25.56,69.68,328.96,-0.03,0.05,-1.00,25.56,69.68,328.96,-0.03,0.05,-1.00,3.12
143.96,23.68,58.72,331.00,-0.12,-0.42,-0.90,25.91,69.67,328.70,-0.02,0.05,-1.00,25.91,69.67,328.70,-0.02,0.05,-1.00,3.12
144.16,23.89,58.60,330.48,-0.12,-0.42,-0.90,26.19,69.70,328.15,-0.02,0.05,-1.00,26.19,69.70,328.15,-0.02,0.05,-1.00,3.12
144.36,24.26,58.46,329.81,-0.12,-0.43,-0.90,26.58,69.84,327.41,-0.02,0.06,-1.00,26.58,69.84,327.41,-0.02,0.06,-1.00,3.12
144.56,24.69,58.66,329.62,-0.12,-0.42,-0.90,27.01,69.77,327.26,-0.02,0.05,-1.00,27.01,69.77,327.26,-0.02,0.05,-1.00,3.12
144.76,25.20,58.62,329.04,-0.12,-0.42,-0.90,27.31,69.72,326.70,-0.03,0.05,-1.00,27.31,69.72,326.70,-0.03,0.05,-1.00,3.11
144.96,25.52,58.55,328.50,-0.13,-0.43,-0.89,28.06,69.88,326.07,-0.02,0.06,-1.00,28.06,69.88,326.07,-0.02,0.06,-1.00,3.12
145.16,26.16,58.52,328.02,-0.12,-0.43,-0.90,28.12,69.81,325.64,-0.04,0.05,-1.00,28.12,69.81,325.64,-0.04,0.05,-1.00,3.10
145.36,26.46,58.62,327.80,-0.13,-0.43,-0.89,28.95,69.89,325.37,-0.03,0.05,-1.00,28.95,69.89,325.37,-0.03,0.05,-1.00,3.11
145.57,26.90,58.57,327.31,-0.14,-0.43,-0.89,29.41,69.90,324.86,-0.03,0.05,-1.00,29.41,69.90,324.86,-0.03,0.05,-1.00,3.11
145.77,27.20,58.46,326.90,-0.14,-0.43,-0.89,29.87,69.93,324.41,-0.03,0.06,-1.00,29.87,69.93,324.41,-0.03,0.06,-1.00,3.12
145.97,27.23,58.54,326.89,-0.14,-0.43,-0.89,29.91,69.91,324.41,-0.03,0.06,-1.00,29.91,69.91,324.41,-0.03,0.06,-1.00,3.12
146.17,26.97,58.56,326.91,-0.14,-0.43,-0.89,29.54,69.86,324.46,-0.03,0.05,-1.00,29.54,69.86,324.46,-0.03,0.05,-1.00,3.11
146.37,26.61,58.53,327.10,-0.13,-0.43,-0.89,29.03,69.88,324.66,-0.03,0.05,-1.00,29.03,69.88,324.66,-0.03,0.05,-1.00,3.11
146.57,26.14,58.56,327.34,-0.14,-0.43,-0.89,28.76,69.85,324.90,-0.02,0.05,-1.00,28.76,69.85,324.90,-0.02,0.05,-1.00,3.12
146.77,25.68,58.60,327.62,-0.14,-0.42,-0.90,28.35,69.81,325.20,-0.02,0.05,-1.00,28.35,69.81,325.20,-0.02,0.05,-1.00,3.12
146.97,25.57,58.52,327.47,-0.13,-0.43,-0.89,28.05,69.89,325.02,-0.02,0.06,-1.00,28.05,69.89,325.02,-0.02,0.06,-1.00,3.12
147.17,25.61,58.58,327.39,-0.13,-0.43,-0.89,28.22,69.85,324.95,-0.02,0.05,-1.00,28.22,69.85,324.95,-0.02,0.05,-1.00,3.12
147.37,26.11,58.61,327.36,-0.13,-0.42,-0.90,28.45,69.81,324.96,-0.03,0.05,-1.00,28.45,69.81,324.96,-0.03,0.05,-1.00,3.11
147.57,26.64,58.73,327.43,-0.14,-0.42,-0.90,29.27,69.85,325.01,-0.03,0.05,-1.00,29.27,69.85,325.01,-0.03,0.05,-1.00,3.12
147.77,27.29,58.69,327.50,-0.14,-0.42,-0.90,29.92,69.81,325.08,-0.03,0.05,-1.00,29.92,69.81,325.08,-0.03,0.05,-1.00,3.11
147.97,28.03,58.65,328.07,-0.14,-0.42,-0.90,30.63,69.75,325.65,-0.03,0.05,-1.00,30.63,69.75,325.65,-0.03,0.05,-1.00,3.11
148.17,28.70,58.84,328.86,-0.14,-0.42,-0.90,31.34,69.70,326.49,-0.03,0.05,-1.00,31.34,69.70,326.49,-0.03,0.05,-1.00,3.11
148.37,29.41,58.84,329.37,-0.15,-0.42,-0.90,32.29,69.65,326.98,-0.03,0.05,-1.00,32.29,69.65,326.98,-0.03,0.05,-1.00,3.11
148.57,30.21,58.97,330.02,-0.14,-0.42,-0.90,32.61,69.77,327.68,-0.04,0.05,-1.00,32.61,69.77,327.68,-0.04,0.05,-1.00,3.10
148.77,30.42,59.02,330.16,-0.15,-0.41,-0.90,33.04,69.52,327.85,-0.04,0.04,-1.00,33.04,69.52,327.85,-0.04,0.04,-1.00,3.11
148.97,30.69,59.03,330.31,-0.15,-0.41,-0.90,33.36,69.67,327.97,-0.04,0.04,-1.00,33.36,69.67,327.97,-0.04,0.04,-1.00,3.11
149.17,30.86,59.06,330.38,-0.14,-0.41,-0.90,33.29,69.52,328.11,-0.04,0.04,-1.00,33.29,69.52,328.11,-0.04,0.04,-1.00,3.10
149.37,30.79,58.98,330.21,-0.15,-0.41,-0.90,33.41,69.63,327.87,-0.04,0.04,-1.00,33.41,69.63,327.87,-0.04,0.04,-1.00,3.11
149.57,30.65,58.86,329.88,-0.15,-0.42,-0.90,33.21,69.70,327.51,-0.04,0.05,-1.00,33.21,69.70,327.51,-0.04,0.05,-1.00,3.10
149.77,30.36,58.85,329.64,-0.15,-0.42,-0.90,33.06,69.69,327.26,-0.03,0.05,-1.00,33.06,69.69,327.26,-0.03,0.05,-1.00,3.11
149.97,30.13,58.87,329.43,-0.15,-0.42,-0.90,32.67,69.69,327.07,-0.04,0.05,-1.00,32.67,69.69,327.07,-0.04,0.05,-1.00,3.11
150.17,29.87,58.83,329.09,-0.14,-0.42,-0.90,32.34,69.72,326.72,-0.04,0.05,-1.00,32.34,69.72,326.72,-0.04,0.05,-1.00,3.10
150.37,29.49,58.73,328.66,-0.14,-0.42,-0.90,31.96,69.76,326.27,-0.04,0.05,-1.00,31.96,69.76,326.27,-0.04,0.05,-1.00,3.11
150.57,29.05,58.75,328.54,-0.14,-0.42,-0.90,31.46,69.69,326.17,-0.04,0.05,-1.00,31.46,69.69,326.17,-0.04,0.05,-1.00,3.11
150.78,28.54,58.67,328.28,-0.14,-0.42,-0.90,31.15,69.78,325.86,-0.03,0.05,-1.00,31.15,69.78,325.86,-0.03,0.05,-1.00,3.11
150.98,28.03,58.73,328.19,-0.14,-0.42,-0.90,30.58,69.80,325.78,-0.03,0.05,-1.00,30.58,69.80,325.78,-0.03,0.05,-1.00,3.11
151.18,27.38,58.85,328.21,-0.13,-0.42,-0.90,29.80,69.79,325.85,-0.03,0.05,-1.00,29.80,69.79,325.85,-0.03,0.05,-1.00,3.11
151.38,26.68,58.68,327.74,-0.13,-0.42,-0.90,29.11,69.84,325.34,-0.03,0.05,-1.00,29.11,69.84,325.34,-0.03,0.05,-1.00,3.11
151.58,26.16,58.69,327.50,-0.12,-0.42,-0.90,28.30,69.79,325.14,-0.03,0.05,-1.00,28.30,69.79,325.14,-0.03,0.05,-1.00,3.11
151.78,25.37,58.84,327.19,-0.13,-0.42,-0.90,27.65,69.85,324.83,-0.03,0.05,-1.00,27.65,69.85,324.83,-0.03,0.05,-1.00,3.11
151.98,24.79,58.74,326.55,-0.12,-0.42,-0.90,26.84,69.78,324.21,-0.03,0.05,-1.00,26.84,69.78,324.21,-0.03,0.05,-1.00,3.11
152.18,24.01,58.56,325.74,-0.12,-0.43,-0.90,26.40,69.88,323.32,-0.02,0.05,-1.00,26.40,69.88,323.32,-0.02,0.05,-1.00,3.12
152.38,23.43,58.67,325.40,-0.12,-0.42,-0.90,25.61,69.86,323.02,-0.03,0.05,-1.00,25.61,69.86,323.02,-0.03,0.05,-1.00,3.12
152.58,22.72,58.52,324.80,-0.12,-0.43,-0.90,25.01,69.87,322.38,-0.02,0.05,-1.00,25.01,69.87,322.38,-0.02,0.05,-1.00,3.12
152.78,22.08,58.54,324.42,-0.12,-0.43,-0.90,24.35,69.94,321.99,-0.02,0.05,-1.00,24.35,69.94,321.99,-0.02,0.05,-1.00,3.12
152.98,21.61,58.55,324.19,-0.11,-0.43,-0.90,23.84,69.90,321.78,-0.02,0.05,-1.00,23.84,69.90,321.78,-0.02,0.05,-1.00,3.12
153.18,21.31,58.47,323.74,-0.11,-0.43,-0.90,23.34,69.93,321.32,-0.02,0.05,-1.00,23.34,69.93,321.32,-0.02,0.05,-1.00,3.12
153.38,21.21,58.63,323.65,-0.10,-0.43,-0.90,23.06,69.91,321.27,-0.03,0.05,-1.00,23.06,69.91,321.27,-0.03,0.05,-1.00,3.12
153.58,21.05,58.50,323.14,-0.11,-0.43,-0.90,22.98,69.91,320.73,-0.02,0.05,-1.00,22.98,69.91,320.73,-0.02,0.05,-1.00,3.12
153.78,21.00,58.65,322.94,-0.10,-0.43,-0.90,22.90,69.95,320.55,-0.02,0.05,-1.00,22.90,69.95,320.55,-0.02,0.05,-1.00,3.12
153.98,20.83,58.46,322.41,-0.11,-0.43,-0.90,22.89,69.95,319.98,-0.02,0.05,-1.00,22.89,69.95,319.98,-0.02,0.05,-1.00,3.12
154.18,20.67,58.59,322.31,-0.10,-0.43,-0.90,22.52,69.89,319.92,-0.03,0.05,-1.00,22.52,69.89,319.92,-0.03,0.05,-1.00,3.12
154.38,20.32,58.51,321.90,-0.11,-0.43,-0.90,22.42,69.90,319.48,-0.02,0.05,-1.00,22.42,69.90,319.48,-0.02,0.05,-1.00,3.12
154.58,20.13,58.56,321.74,-0.10,-0.43,-0.90,21.96,69.95,319.34,-0.02,0.05,-1.00,21.96,69.95,319.34,-0.02,0.05,-1.00,3.12
154.78,19.73,58.44,321.37,-0.10,-0.43,-0.90,21.62,69.97,318.93,-0.02,0.05,-1.00,21.62,69.97,318.93,-0.02,0.05,-1.00,3.12
154.98,19.41,58.43,321.13,-0.10,-0.43,-0.90,21.13,69.94,318.71,-0.02,0.05,-1.00,21.13,69.94,318.71,-0.02,0.05,-1.00,3.12
155.18,19.14,58.59,320.98,-0.09,-0.43,-0.90,20.57,69.92,318.61,-0.03,0.04,-1.00,20.57,69.92,318.61,-0.03,0.04,-1.00,3.11
155.38,18.85,58.60,320.85,-0.09,-0.43,-0.90,20.20,69.97,318.48,-0.03,0.05,-1.00,20.20,69.97,318.48,-0.03,0.05,-1.00,3.11
155.58,18.50,58.56,320.47,-0.09,-0.43,-0.90,19.90,70.01,318.08,-0.03,0.05,-1.00,19.90,70.01,318.08,-0.03,0.05,-1.00,3.11
155.78,18.31,58.47,320.00,-0.08,-0.43,-0.90,19.64,70.06,317.58,-0.03,0.05,-1.00,19.64,70.06,317.58,-0.03,0.05,-1.00,3.11
155.98,18.20,58.43,319.61,-0.08,-0.43,-0.90,19.36,70.04,317.20,-0.03,0.05,-1.00,19.36,70.04,317.20,-0.03,0.05,-1.00,3.11
156.18,17.98,58.42,319.22,-0.08,-0.43,-0.90,19.19,70.12,316.79,-0.03,0.05,-1.00,19.19,70.12,316.79,-0.03,0.05,-1.00,3.11
156.38,17.94,58.40,318.86,-0.08,-0.43,-0.90,19.00,70.11,316.43,-0.03,0.05,-1.00,19.00,70.11,316.43,-0.03,0.05,-1.00,3.11
156.58,17.93,58.36,318.57,-0.08,-0.43,-0.90,19.00,70.11,316.13,-0.03,0.05,-1.00,19.00,70.11,316.13,-0.03,0.05,-1.00,3.11
156.78,17.90,58.30,318.18,-0.08,-0.44,-0.90,18.97,70.19,315.71,-0.03,0.05,-1.00,18.97,70.19,315.71,-0.03,0.05,-1.00,3.11
156.98,17.86,58.40,318.20,-0.08,-0.43,-0.90,18.84,70.15,315.76,-0.03,0.05,-1.00,18.84,70.15,315.76,-0.03,0.05,-1.00,3.11
157.18,17.86,58.39,318.02,-0.08,-0.43,-0.90,18.84,70.11,315.58,-0.03,0.05,-1.00,18.84,70.11,315.58,-0.03,0.05,-1.00,3.11
157.38,17.83,58.34,317.78,-0.08,-0.44,-0.90,18.84,70.16,315.32,-0.03,0.05,-1.00,18.84,70.16,315.32,-0.03,0.05,-1.00,3.11
157.58,17.84,58.35,317.84,-0.07,-0.44,-0.90,18.78,70.12,315.40,-0.04,0.05,-1.00,18.78,70.12,315.40,-0.04,0.05,-1.00,3.11
157.78,17.87,58.33,317.86,-0.07,-0.44,-0.90,18.73,70.18,315.41,-0.04,0.05,-1.00,18.73,70.18,315.41,-0.04,0.05,-1.00,3.10
157.98,17.86,58.44,318.10,-0.07,-0.43,-0.90,18.62,70.16,315.68,-0.04,0.05,-1.00,18.62,70.16,315.68,-0.04,0.05,-1.00,3.10
158.18,17.75,58.34,318.03,-0.07,-0.44,-0.90,18.63,70.11,315.59,-0.04,0.05,-1.00,18.63,70.11,315.59,-0.04,0.05,-1.00,3.11
158.38,17.68,58.25,318.07,-0.07,-0.44,-0.90,18.43,70.15,315.62,-0.04,0.05,-1.00,18.43,70.15,315.62,-0.04,0.05,-1.00,3.10
158.58,17.52,58.31,318.26,-0.07,-0.44,-0.90,18.31,70.11,315.83,-0.04,0.05,-1.00,18.31,70.11,315.83,-0.04,0.05,-1.00,3.10
158.79,17.42,58.14,318.19,-0.07,-0.44,-0.90,18.18,70.12,315.73,-0.04,0.06,-1.00,18.18,70.12,315.73,-0.04,0.06,-1.00,3.10
158.99,17.33,58.30,318.65,-0.07,-0.43,-0.90,18.07,70.00,316.25,-0.04,0.05,-1.00,18.07,70.00,316.25,-0.04,0.05,-1.00,3.10
159.19,17.30,58.34,318.83,-0.07,-0.43,-0.90,18.05,70.10,316.41,-0.04,0.05,-1.00,18.05,70.10,316.41,-0.04,0.05,-1.00,3.10
159.39,17.35,58.31,318.82,-0.06,-0.43,-0.90,17.73,70.07,316.42,-0.04,0.05,-1.00,17.73,70.07,316.42,-0.04,0.05,-1.00,3.10
159.59,17.21,58.17,318.66,-0.07,-0.44,-0.90,17.88,70.12,316.21,-0.04,0.06,-1.00,17.88,70.12,316.21,-0.04,0.06,-1.00,3.10
159.79,17.21,58.17,318.59,-0.06,-0.44,-0.90,17.64,70.10,316.15,-0.04,0.06,-1.00,17.64,70.10,316.15,-0.04,0.06,-1.00,3.10
159.99,17.08,58.32,318.56,-0.06,-0.44,-0.90,17.66,70.15,316.13,-0.04,0.05,-1.00,17.66,70.15,316.13,-0.04,0.05,-1.00,3.10
160.19,17.14,58.21,318.20,-0.06,-0.44,-0.90,17.54,70.12,315.77,-0.04,0.05,-1.00,17.54,70.12,315.77,-0.04,0.05,-1.00,3.10
160.39,17.05,58.18,318.05,-0.06,-0.44,-0.90,17.54,70.15,315.60,-0.04,0.06,-1.00,17.54,70.15,315.60,-0.04,0.06,-1.00,3.10
160.60,17.01,58.12,317.78,-0.06,-0.44,-0.90,17.57,70.17,315.30,-0.04,0.06,-1.00,17.57,70.17,315.30,-0.04,0.06,-1.00,3.10
160.80,16.93,58.14,317.64,-0.06,-0.44,-0.90,17.46,70.24,315.15,-0.04,0.06,-1.00,17.46,70.24,315.15,-0.04,0.06,-1.00,3.10
161.00,16.82,58.23,317.82,-0.06,-0.44,-0.90,17.09,70.07,315.41,-0.05,0.05,-1.00,17.09,70.07,315.41,-0.05,0.05,-1.00,3.10
161.20,16.44,58.05,317.59,-0.06,-0.44,-0.89,17.03,70.28,315.08,-0.04,0.06,-1.00,17.03,70.28,315.08,-0.04,0.06,-1.00,3.10
161.40,16.24,57.99,317.45,-0.06,-0.44,-0.89,16.74,70.20,314.95,-0.04,0.06,-1.00,16.74,70.20,314.95,-0.04,0.06,-1.00,3.10
161.60,16.04,57.98,317.29,-0.06,-0.44,-0.89,16.44,70.24,314.78,-0.04,0.06,-1.00,16.44,70.24,314.78,-0.04,0.06,-1.00,3.10
161.81,15.78,58.12,317.36,-0.05,-0.44,-0.90,16.05,70.18,314.90,-0.04,0.06,-1.00,16.05,70.18,314.90,-0.04,0.06,-1.00,3.10
162.01,15.49,58.09,317.05,-0.05,-0.44,-0.90,15.84,70.14,314.59,-0.04,0.06,-1.00,15.84,70.14,314.59,-0.04,0.06,-1.00,3.10
162.21,15.13,57.96,316.56,-0.05,-0.44,-0.89,15.56,70.20,314.05,-0.04,0.06,-1.00,15.56,70.20,314.05,-0.04,0.06,-1.00,3.10
162.41,14.65,58.13,316.68,-0.05,-0.44,-0.90,14.93,70.25,314.21,-0.04,0.06,-1.00,14.93,70.25,314.21,-0.04,0.06,-1.00,3.10
162.62,14.00,57.92,316.27,-0.05,-0.45,-0.89,14.45,70.31,313.73,-0.03,0.06,-1.00,14.45,70.31,313.73,-0.03,0.06,-1.00,3.11
162.82,13.34,57.76,315.86,-0.05,-0.45,-0.89,13.74,70.36,313.28,-0.03,0.07,-1.00,13.74,70.36,313.28,-0.03,0.07,-1.00,3.11
163.02,12.64,57.87,315.86,-0.04,-0.45,-0.89,12.90,70.36,313.30,-0.03,0.06,-1.00,12.90,70.36,313.30,-0.03,0.06,-1.00,3.11
163.22,12.14,57.67,315.30,-0.04,-0.45,-0.89,12.50,70.45,312.68,-0.03,0.07,-1.00,12.50,70.45,312.68,-0.03,0.07,-1.00,3.11
163.42,11.59,57.64,314.99,-0.05,-0.46,-0.89,12.19,70.45,312.35,-0.02,0.07,-1.00,12.19,70.45,312.35,-0.02,0.07,-1.00,3.12
163.62,11.12,57.90,315.11,-0.05,-0.45,-0.89,11.71,70.44,312.52,-0.02,0.06,-1.00,11.71,70.44,312.52,-0.02,0.06,-1.00,3.12
163.82,10.75,57.94,314.88,-0.05,-0.45,-0.89,11.53,70.41,312.30,-0.02,0.06,-1.00,11.53,70.41,312.30,-0.02,0.06,-1.00,3.12
164.02,10.42,57.98,314.58,-0.05,-0.45,-0.89,11.41,70.54,311.97,-0.01,0.06,-1.00,11.41,70.54,311.97,-0.01,0.06,-1.00,3.13
164.23,10.12,58.12,314.41,-0.06,-0.45,-0.89,11.31,70.51,311.83,-0.01,0.06,-1.00,11.31,70.51,311.83,-0.01,0.06,-1.00,3.13
164.43,10.17,58.08,313.98,-0.05,-0.45,-0.89,11.15,70.51,311.40,-0.01,0.06,-1.00,11.15,70.51,311.40,-0.01,0.06,-1.00,3.13
164.63,10.19,57.93,313.57,-0.05,-0.45,-0.89,11.14,70.52,310.95,-0.01,0.06,-1.00,11.14,70.52,310.95,-0.01,0.06,-1.00,3.13
164.83,10.25,57.83,313.12,-0.05,-0.45,-0.89,11.25,70.55,310.46,-0.01,0.07,-1.00,11.25,70.55,310.46,-0.01,0.07,-1.00,3.13
165.03,10.45,57.98,312.97,-0.05,-0.45,-0.89,11.26,70.54,310.35,-0.02,0.06,-1.00,11.26,70.54,310.35,-0.02,0.06,-1.00,3.13
165.23,10.61,58.07,312.85,-0.05,-0.45,-0.89,11.40,70.59,310.24,-0.02,0.06,-1.00,11.40,70.59,310.24,-0.02,0.06,-1.00,3.12
165.43,11.04,58.01,312.60,-0.05,-0.45,-0.89,11.76,70.55,309.98,-0.02,0.06,-1.00,11.76,70.55,309.98,-0.02,0.06,-1.00,3.12
165.63,11.54,58.28,312.74,-0.05,-0.44,-0.90,12.04,70.45,310.21,-0.03,0.05,-1.00,12.04,70.45,310.21,-0.03,0.05,-1.00,3.12
165.83,11.96,58.14,312.13,-0.05,-0.45,-0.89,12.48,70.59,309.53,-0.03,0.06,-1.00,12.48,70.59,309.53,-0.03,0.06,-1.00,3.12
166.05,12.39,58.04,311.59,-0.05,-0.45,-0.89,13.06,70.57,308.96,-0.03,0.06,-1.00,13.06,70.57,308.96,-0.03,0.06,-1.00,3.12
166.25,12.69,57.92,311.05,-0.06,-0.45,-0.89,13.69,70.64,308.36,-0.02,0.06,-1.00,13.69,70.64,308.36,-0.02,0.06,-1.00,3.12
166.45,13.19,57.98,310.77,-0.06,-0.45,-0.89,14.30,70.71,308.07,-0.02,0.06,-1.00,14.30,70.71,308.07,-0.02,0.06,-1.00,3.12
166.66,13.85,58.04,310.50,-0.07,-0.45,-0.89,14.90,70.68,307.82,-0.02,0.06,-1.00,14.90,70.68,307.82,-0.02,0.06,-1.00,3.12
166.86,14.55,58.08,310.08,-0.07,-0.45,-0.89,15.59,70.64,307.41,-0.02,0.06,-1.00,15.59,70.64,307.41,-0.02,0.06,-1.00,3.12
167.06,14.97,58.12,309.91,-0.08,-0.45,-0.89,16.40,70.73,307.20,-0.02,0.06,-1.00,16.40,70.73,307.20,-0.02,0.06,-1.00,3.12
167.28,15.54,58.19,309.56,-0.07,-0.45,-0.89,16.69,70.72,306.88,-0.03,0.06,-1.00,16.69,70.72,306.88,-0.03,0.06,-1.00,3.12
167.48,15.81,58.13,309.47,-0.08,-0.45,-0.89,17.08,70.72,306.77,-0.02,0.06,-1.00,17.08,70.72,306.77,-0.02,0.06,-1.00,3.12
167.68,15.90,58.09,309.27,-0.08,-0.45,-0.89,17.17,70.71,306.57,-0.03,0.06,-1.00,17.17,70.71,306.57,-0.03,0.06,-1.00,3.12
167.89,15.99,59.87,309.55,-0.07,-0.41,-0.91,17.14,70.25,307.30,-0.03,0.01,-1.00,17.14,70.25,307.30,-0.03,0.01,-1.00,3.11
168.09,15.73,58.19,309.20,-0.07,-0.45,-0.89,16.92,70.80,306.50,-0.03,0.06,-1.00,16.92,70.80,306.50,-0.03,0.06,-1.00,3.12
168.29,15.32,58.24,309.16,-0.07,-0.45,-0.89,16.49,70.69,306.50,-0.03,0.05,-1.00,16.49,70.69,306.50,-0.03,0.05,-1.00,3.12
168.49,14.46,58.05,308.79,-0.07,-0.45,-0.89,15.67,70.61,306.10,-0.02,0.05,-1.00,15.67,70.61,306.10,-0.02,0.05,-1.00,3.12
168.70,13.83,58.19,308.82,-0.07,-0.45,-0.89,14.92,70.67,306.16,-0.02,0.05,-1.00,14.92,70.67,306.16,-0.02,0.05,-1.00,3.12
168.90,13.02,58.15,308.69,-0.06,-0.45,-0.89,13.93,70.63,306.04,-0.02,0.05,-1.00,13.93,70.63,306.04,-0.02,0.05,-1.00,3.12
169.10,12.13,58.30,308.69,-0.06,-0.45,-0.89,13.02,70.62,306.06,-0.02,0.05,-1.00,13.02,70.62,306.06,-0.02,0.05,-1.00,3.12
169.30,11.23,58.67,308.87,-0.05,-0.44,-0.90,11.87,70.57,306.35,-0.02,0.04,-1.00,11.87,70.57,306.35,-0.02,0.04,-1.00,3.12
169.50,10.43,58.71,308.73,-0.05,-0.44,-0.90,11.13,70.57,306.21,-0.02,0.04,-1.00,11.13,70.57,306.21,-0.02,0.04,-1.00,3.12
169.70,10.04,58.08,308.54,-0.04,-0.45,-0.89,10.50,70.62,305.90,-0.02,0.05,-1.00,10.50,70.62,305.90,-0.02,0.05,-1.00,3.12
169.90,9.68,58.17,308.51,-0.04,-0.45,-0.89,10.09,70.64,305.89,-0.02,0.05,-1.00,10.09,70.64,305.89,-0.02,0.05,-1.00,3.12
170.10,9.36,58.05,308.54,-0.04,-0.45,-0.89,9.79,70.63,305.89,-0.02,0.05,-1.00,9.79,70.63,305.89,-0.02,0.05,-1.00,3.12
170.30,9.19,58.14,308.79,-0.04,-0.45,-0.89,9.59,70.59,306.17,-0.02,0.05,-1.00,9.59,70.59,306.17,-0.02,0.05,-1.00,3.12
170.52,9.06,57.99,308.78,-0.04,-0.45,-0.89,9.45,70.65,306.12,-0.02,0.06,-1.00,9.45,70.65,306.12,-0.02,0.06,-1.00,3.12
170.72,9.23,58.33,309.26,-0.02,-0.44,-0.90,9.01,70.59,306.70,-0.03,0.05,-1.00,9.23,58.33,309.26,-0.02,-0.44,-0.90,3.12
170.92,9.27,58.26,309.05,-0.04,-0.45,-0.89,9.64,70.64,306.45,-0.02,0.05,-1.00,9.64,70.64,306.45,-0.02,0.05,-1.00,3.12
171.12,9.52,58.07,308.65,-0.04,-0.45,-0.89,9.98,70.61,306.01,-0.02,0.05,-1.00,9.98,70.61,306.01,-0.02,0.05,-1.00,3.12
171.32,9.91,58.13,308.69,-0.04,-0.45,-0.89,10.35,70.71,306.04,-0.02,0.05,-1.00,10.35,70.71,306.04,-0.02,0.05,-1.00,3.12
171.52,10.35,58.29,308.74,-0.04,-0.45,-0.89,10.70,70.68,306.13,-0.03,0.05,-1.00,10.70,70.68,306.13,-0.03,0.05,-1.00,3.12
171.73,10.81,58.39,308.92,-0.04,-0.45,-0.89,10.97,70.71,306.33,-0.03,0.05,-1.00,10.97,70.71,306.33,-0.03,0.05,-1.00,3.11
171.94,11.24,58.20,308.83,-0.04,-0.45,-0.89,11.69,70.76,306.18,-0.03,0.05,-1.00,11.69,70.76,306.18,-0.03,0.05,-1.00,3.12
172.14,11.78,58.25,308.88,-0.05,-0.45,-0.89,12.28,70.69,306.25,-0.03,0.05,-1.00,12.28,70.69,306.25,-0.03,0.05,-1.00,3.11
172.34,12.43,58.26,308.97,-0.05,-0.45,-0.89,12.75,70.79,306.33,-0.03,0.05,-1.00,12.75,70.79,306.33,-0.03,0.05,-1.00,3.11
172.54,13.00,58.20,308.92,-0.05,-0.45,-0.89,13.56,70.72,306.27,-0.03,0.05,-1.00,13.56,70.72,306.27,-0.03,0.05,-1.00,3.11
172.75,13.63,58.36,309.16,-0.06,-0.45,-0.89,14.24,70.66,306.55,-0.03,0.05,-1.00,14.24,70.66,306.55,-0.03,0.05,-1.00,3.11
172.96,14.38,58.32,309.18,-0.06,-0.44,-0.89,15.03,70.60,306.58,-0.03,0.05,-1.00,15.03,70.60,306.58,-0.03,0.05,-1.00,3.11
173.17,14.91,58.30,309.11,-0.06,-0.45,-0.89,15.45,70.61,306.50,-0.04,0.05,-1.00,15.45,70.61,306.50,-0.04,0.05,-1.00,3.11
173.37,15.49,58.27,309.14,-0.05,-0.45,-0.89,15.69,70.73,306.52,-0.04,0.05,-1.00,15.69,70.73,306.52,-0.04,0.05,-1.00,3.10
173.57,15.59,58.11,308.81,-0.06,-0.45,-0.89,16.24,70.77,306.12,-0.04,0.06,-1.00,16.24,70.77,306.12,-0.04,0.06,-1.00,3.11
173.79,15.71,58.16,308.76,-0.06,-0.45,-0.89,16.34,70.85,306.07,-0.04,0.06,-1.00,16.34,70.85,306.07,-0.04,0.06,-1.00,3.10
173.99,15.51,58.10,308.79,-0.07,-0.46,-0.89,16.44,70.95,306.04,-0.03,0.06,-1.00,16.44,70.95,306.04,-0.03,0.06,-1.00,3.11
174.21,15.25,57.82,308.21,-0.07,-0.45,-0.89,16.24,70.53,305.50,-0.03,0.06,-1.00,16.24,70.53,305.50,-0.03,0.06,-1.00,3.11
174.41,14.90,58.12,308.66,-0.07,-0.45,-0.89,15.92,70.88,305.93,-0.03,0.06,-1.00,15.92,70.88,305.93,-0.03,0.06,-1.00,3.11
174.61,14.61,58.19,308.57,-0.06,-0.45,-0.89,15.27,70.73,305.91,-0.03,0.05,-1.00,15.27,70.73,305.91,-0.03,0.05,-1.00,3.11
174.81,14.05,58.12,308.45,-0.06,-0.45,-0.89,14.93,70.65,305.78,-0.03,0.05,-1.00,14.93,70.65,305.78,-0.03,0.05,-1.00,3.11
175.01,13.45,58.02,308.34,-0.07,-0.46,-0.89,14.66,70.84,305.59,-0.02,0.06,-1.00,14.66,70.84,305.59,-0.02,0.06,-1.00,3.12
175.24,12.73,58.09,308.39,-0.06,-0.45,-0.89,13.77,70.65,305.71,-0.02,0.05,-1.00,13.77,70.65,305.71,-0.02,0.05,-1.00,3.12
175.44,12.45,58.09,308.55,-0.04,-0.45,-0.89,12.50,70.77,305.89,-0.04,0.06,-1.00,12.50,70.77,305.89,-0.04,0.06,-1.00,3.10
175.64,11.93,58.26,308.63,-0.05,-0.45,-0.89,12.69,70.93,305.93,-0.02,0.06,-1.00,12.69,70.93,305.93,-0.02,0.06,-1.00,3.12
175.84,0.00,0.00,0.00,0.00,0.00,0.00,0.00,0.00,0.00,0.00,0.00,0.00,0.00,0.00,0.00,0.00,0.00,0.00,0.00
176.04,12.48,57.44,309.72,-0.02,-0.46,-0.89,11.57,70.73,306.99,-0.06,0.07,-1.00,11.57,70.73,306.99,-0.06,0.07,-1.00,3.09
176.28,11.12,57.91,307.98,-0.05,-0.46,-0.89,11.92,70.91,305.22,-0.02,0.06,-1.00,11.92,70.91,305.22,-0.02,0.06,-1.00,3.12
176.48,10.97,57.98,307.85,-0.05,-0.45,-0.89,11.66,70.69,305.15,-0.02,0.06,-1.00,11.66,70.69,305.15,-0.02,0.06,-1.00,3.12
176.70,10.77,57.87,307.34,-0.05,-0.45,-0.89,11.52,70.62,304.63,-0.02,0.06,-1.00,11.52,70.62,304.63,-0.02,0.06,-1.00,3.12
176.92,10.63,59.54,307.86,-0.04,-0.42,-0.91,10.73,70.32,305.58,-0.03,0.01,-1.00,10.73,70.32,305.58,-0.03,0.01,-1.00,3.11
177.12,9.90,58.10,307.38,-0.04,-0.45,-0.89,10.27,70.73,304.71,-0.02,0.05,-1.00,10.27,70.73,304.71,-0.02,0.05,-1.00,3.12
177.32,9.21,58.35,307.40,-0.04,-0.44,-0.90,9.95,70.43,304.83,-0.01,0.04,-1.00,9.95,70.43,304.83,-0.01,0.04,-1.00,3.13
177.53,8.69,57.88,307.34,-0.04,-0.46,-0.89,9.29,70.74,304.62,-0.02,0.06,-1.00,9.29,70.74,304.62,-0.02,0.06,-1.00,3.13
177.73,8.20,58.11,307.70,-0.04,-0.47,-0.88,8.72,71.60,304.83,-0.02,0.07,-1.00,8.72,71.60,304.83,-0.02,0.07,-1.00,3.13
177.93,7.91,58.69,307.91,-0.03,-0.43,-0.90,8.31,70.24,305.48,-0.02,0.03,-1.00,8.31,70.24,305.48,-0.02,0.03,-1.00,3.12
178.16,7.65,58.67,308.29,-0.03,-0.43,-0.90,8.02,70.25,305.85,-0.02,0.03,-1.00,8.02,70.25,305.85,-0.02,0.03,-1.00,3.12
178.36,7.86,58.96,308.63,-0.02,-0.43,-0.90,7.52,70.56,306.19,-0.03,0.03,-1.00,7.52,70.56,306.19,-0.03,0.03,-1.00,3.11
178.57,7.38,58.08,308.48,-0.04,-0.46,-0.89,8.05,71.09,305.73,-0.01,0.06,-1.00,8.05,71.09,305.73,-0.01,0.06,-1.00,3.13
178.77,7.61,57.97,308.30,-0.03,-0.45,-0.89,7.74,70.43,305.69,-0.02,0.05,-1.00,7.74,70.43,305.69,-0.02,0.05,-1.00,3.12
178.98,7.73,58.01,308.25,-0.03,-0.45,-0.89,7.93,70.43,305.65,-0.02,0.05,-1.00,7.93,70.43,305.65,-0.02,0.05,-1.00,3.12
179.18,8.53,57.85,307.96,-0.03,-0.45,-0.89,8.59,70.50,305.31,-0.03,0.06,-1.00,8.59,70.50,305.31,-0.03,0.06,-1.00,3.12
179.38,9.71,58.20,307.47,-0.03,-0.44,-0.90,9.84,70.51,304.87,-0.03,0.05,-1.00,9.84,70.51,304.87,-0.03,0.05,-1.00,3.11
179.60,10.82,58.33,307.36,-0.04,-0.44,-0.90,11.22,70.57,304.77,-0.03,0.04,-1.00,11.22,70.57,304.77,-0.03,0.04,-1.00,3.12
179.80,11.38,57.69,306.88,-0.06,-0.46,-0.89,12.70,70.56,304.13,-0.01,0.06,-1.00,12.70,70.56,304.13,-0.01,0.06,-1.00,3.13
180.00,12.04,57.91,307.48,-0.05,-0.47,-0.88,12.83,71.41,304.60,-0.02,0.07,-1.00,12.83,71.41,304.60,-0.02,0.07,-1.00,3.12
180.22,12.15,57.85,307.92,-0.06,-0.48,-0.88,13.04,71.60,304.98,-0.02,0.08,-1.00,13.04,71.60,304.98,-0.02,0.08,-1.00,3.12
180.42,11.97,57.94,308.65,-0.06,-0.47,-0.88,12.85,71.57,305.74,-0.02,0.08,-1.00,12.85,71.57,305.74,-0.02,0.08,-1.00,3.12
180.64,11.39,57.93,310.01,-0.05,-0.47,-0.88,12.02,71.19,307.22,-0.02,0.07,-1.00,12.02,71.19,307.22,-0.02,0.07,-1.00,3.12
180.85,10.89,57.92,310.74,-0.05,-0.46,-0.89,11.60,71.05,307.97,-0.02,0.07,-1.00,11.60,71.05,307.97,-0.02,0.07,-1.00,3.12
181.05,10.36,57.78,311.54,-0.05,-0.46,-0.88,11.15,70.95,308.78,-0.02,0.07,-1.00,11.15,70.95,308.78,-0.02,0.07,-1.00,3.13
181.25,9.99,57.78,312.51,-0.04,-0.46,-0.89,10.50,70.92,309.78,-0.02,0.07,-1.00,10.50,70.92,309.78,-0.02,0.07,-1.00,3.12
181.47,9.46,57.71,313.18,-0.04,-0.47,-0.88,9.91,71.00,310.42,-0.02,0.08,-1.00,9.91,71.00,310.42,-0.02,0.08,-1.00,3.12
181.68,9.21,57.78,313.98,-0.04,-0.46,-0.88,9.77,70.99,311.24,-0.02,0.08,-1.00,9.77,70.99,311.24,-0.02,0.08,-1.00,3.12
181.88,9.30,57.78,314.82,-0.04,-0.46,-0.89,9.62,70.55,312.20,-0.02,0.07,-1.00,9.62,70.55,312.20,-0.02,0.07,-1.00,3.12
182.08,9.93,57.77,315.44,-0.04,-0.45,-0.89,10.29,70.53,312.83,-0.02,0.07,-1.00,10.29,70.53,312.83,-0.02,0.07,-1.00,3.12
182.28,10.89,57.78,315.79,-0.05,-0.44,-0.90,11.64,69.99,313.28,-0.02,0.06,-1.00,11.64,69.99,313.28,-0.02,0.06,-1.00,3.12
182.48,12.45,57.79,316.44,-0.04,-0.45,-0.89,12.63,70.31,313.89,-0.03,0.07,-1.00,12.63,70.31,313.89,-0.03,0.07,-1.00,3.11
182.68,13.83,57.77,316.88,-0.06,-0.45,-0.89,14.49,70.52,314.26,-0.03,0.07,-1.00,14.49,70.52,314.26,-0.03,0.07,-1.00,3.11
182.89,15.49,57.72,317.06,-0.06,-0.45,-0.89,15.90,70.45,314.46,-0.04,0.07,-1.00,15.90,70.45,314.46,-0.04,0.07,-1.00,3.10
183.09,17.00,57.77,317.50,-0.06,-0.45,-0.89,17.60,70.50,314.88,-0.04,0.07,-1.00,17.60,70.50,314.88,-0.04,0.07,-1.00,3.10
183.30,18.74,57.69,317.76,-0.07,-0.45,-0.89,19.50,70.33,315.16,-0.04,0.07,-1.00,19.50,70.33,315.16,-0.04,0.07,-1.00,3.10
183.50,19.81,57.78,318.12,-0.07,-0.46,-0.88,20.38,70.83,315.43,-0.05,0.08,-1.00,20.38,70.83,315.43,-0.05,0.08,-1.00,3.09
183.70,20.27,57.66,318.18,-0.08,-0.46,-0.89,21.24,70.49,315.52,-0.04,0.08,-1.00,21.24,70.49,315.52,-0.04,0.08,-1.00,3.10
183.92,20.67,57.60,318.19,-0.08,-0.45,-0.89,21.62,70.31,315.56,-0.04,0.07,-1.00,21.62,70.31,315.56,-0.04,0.07,-1.00,3.10
184.12,20.82,57.62,318.47,-0.09,-0.46,-0.88,22.06,70.68,315.74,-0.04,0.08,-1.00,22.06,70.68,315.74,-0.04,0.08,-1.00,3.10
184.33,20.73,57.57,318.45,-0.09,-0.46,-0.88,22.02,70.63,315.73,-0.04,0.08,-1.00,22.02,70.63,315.73,-0.04,0.08,-1.00,3.10
184.53,20.24,57.50,318.50,-0.09,-0.47,-0.88,21.51,70.80,315.73,-0.04,0.09,-1.00,21.51,70.80,315.73,-0.04,0.09,-1.00,3.11
184.75,19.37,57.46,318.64,-0.09,-0.48,-0.87,20.89,71.14,315.77,-0.03,0.10,-0.99,20.89,71.14,315.77,-0.03,0.10,-0.99,3.11
184.97,18.04,57.73,319.23,-0.08,-0.45,-0.89,19.22,70.39,316.61,-0.03,0.07,-1.00,19.22,70.39,316.61,-0.03,0.07,-1.00,3.11
185.17,16.59,57.63,319.22,-0.08,-0.46,-0.89,18.03,70.52,316.55,-0.02,0.08,-1.00,18.03,70.52,316.55,-0.02,0.08,-1.00,3.12
185.37,15.10,57.77,319.54,-0.08,-0.46,-0.88,16.51,70.81,316.84,-0.02,0.08,-1.00,16.51,70.81,316.84,-0.02,0.08,-1.00,3.12
185.58,13.68,57.61,319.43,-0.07,-0.47,-0.88,14.83,71.01,316.67,-0.02,0.09,-1.00,14.83,71.01,316.67,-0.02,0.09,-1.00,3.12
185.78,12.20,57.64,319.47,-0.06,-0.46,-0.89,13.47,70.47,316.83,-0.01,0.08,-1.00,13.47,70.47,316.83,-0.01,0.08,-1.00,3.13
185.98,10.74,57.65,319.61,-0.06,-0.46,-0.89,12.05,70.44,316.99,-0.01,0.08,-1.00,12.05,70.44,316.99,-0.01,0.08,-1.00,3.14
186.18,9.50,58.02,320.13,-0.05,-0.45,-0.89,10.68,70.31,317.62,-0.01,0.07,-1.00,10.68,70.31,317.62,-0.01,0.07,-1.00,3.14
186.38,8.87,57.73,319.45,-0.05,-0.46,-0.88,9.85,70.84,316.77,-0.01,0.08,-1.00,9.85,70.84,316.77,-0.01,0.08,-1.00,3.13
186.58,9.42,70.58,316.35,0.00,0.08,-1.00,8.12,57.56,319.01,-0.05,-0.46,-0.89,9.42,70.58,316.35,0.00,0.08,-1.00,3.14
186.78,9.31,70.79,315.61,0.00,0.09,-1.00,7.95,57.41,318.35,-0.05,-0.47,-0.88,9.31,70.79,315.61,0.00,0.09,-1.00,3.14
186.98,8.15,57.69,318.40,-0.04,-0.45,-0.89,8.87,70.39,315.82,-0.01,0.07,-1.00,8.87,70.39,315.82,-0.01,0.07,-1.00,3.13
187.19,8.31,57.47,317.61,-0.05,-0.46,-0.89,9.44,70.38,314.97,-0.00,0.08,-1.00,9.44,70.38,314.97,-0.00,0.08,-1.00,3.14
187.39,8.83,57.86,317.77,-0.05,-0.45,-0.89,9.81,70.35,315.21,-0.01,0.07,-1.00,9.81,70.35,315.21,-0.01,0.07,-1.00,3.13
187.59,9.28,57.62,317.27,-0.05,-0.45,-0.89,10.18,70.36,314.66,-0.01,0.07,-1.00,10.18,70.36,314.66,-0.01,0.07,-1.00,3.13
187.79,9.95,57.33,316.49,-0.05,-0.46,-0.88,10.99,70.49,313.78,-0.01,0.08,-1.00,10.99,70.49,313.78,-0.01,0.08,-1.00,3.13
187.99,10.84,57.62,316.80,-0.05,-0.46,-0.89,11.62,70.40,314.18,-0.02,0.07,-1.00,11.62,70.40,314.18,-0.02,0.07,-1.00,3.12
188.20,11.79,57.08,315.63,-0.04,-0.48,-0.88,12.23,70.96,312.79,-0.03,0.10,-0.99,12.23,70.96,312.79,-0.03,0.10,-0.99,3.11
188.40,13.08,57.49,316.24,-0.06,-0.46,-0.89,13.99,70.45,313.57,-0.02,0.08,-1.00,13.99,70.45,313.57,-0.02,0.08,-1.00,3.12
188.60,14.13,57.52,316.22,-0.07,-0.46,-0.89,15.21,70.41,313.55,-0.02,0.07,-1.00,15.21,70.41,313.55,-0.02,0.07,-1.00,3.12
188.80,14.33,57.60,316.11,-0.07,-0.46,-0.89,15.72,70.51,313.41,-0.02,0.07,-1.00,15.72,70.51,313.41,-0.02,0.07,-1.00,3.13
189.00,13.67,57.71,316.11,-0.07,-0.45,-0.89,15.05,70.27,313.49,-0.01,0.07,-1.00,15.05,70.27,313.49,-0.01,0.07,-1.00,3.13
189.20,12.19,57.71,315.68,-0.07,-0.45,-0.89,13.65,70.40,313.03,-0.01,0.07,-1.00,13.65,70.40,313.03,-0.01,0.07,-1.00,3.13
189.42,9.73,57.62,314.99,-0.06,-0.46,-0.89,11.21,70.44,312.32,-0.00,0.07,-1.00,11.21,70.44,312.32,-0.00,0.07,-1.00,3.14
189.63,7.21,70.35,311.76,0.01,0.07,-1.00,5.71,57.57,314.40,-0.05,-0.45,-0.89,7.21,70.35,311.76,0.01,0.07,-1.00,3.15
189.84,3.98,70.39,311.68,0.02,0.06,-1.00,2.71,57.76,314.28,-0.04,-0.45,-0.89,3.98,70.39,311.68,0.02,0.06,-1.00,3.16
190.05,0.66,70.35,311.32,0.02,0.06,-1.00,-0.40,57.79,313.90,-0.02,-0.45,-0.89,0.66,70.35,311.32,0.02,0.06,-1.00,3.16
190.25,-2.37,70.45,311.12,0.03,0.06,-1.00,-3.30,57.87,313.70,-0.01,-0.45,-0.89,-2.37,70.45,311.12,0.03,0.06,-1.00,3.17
190.45,-5.57,57.72,312.92,0.00,-0.46,-0.89,-4.98,70.53,310.29,0.03,0.07,-1.00,-4.98,70.53,310.29,0.03,0.07,-1.00,3.17
190.65,-7.51,57.70,312.65,0.01,-0.45,-0.89,-7.11,70.48,310.03,0.03,0.07,-1.00,-7.11,70.48,310.03,0.03,0.07,-1.00,3.17
190.86,-8.82,57.62,312.35,0.02,-0.46,-0.89,-8.36,70.51,309.71,0.04,0.07,-1.00,-8.36,70.51,309.71,0.04,0.07,-1.00,3.18
191.06,-9.56,57.67,312.16,0.02,-0.46,-0.89,-9.19,70.53,309.52,0.04,0.07,-1.00,-9.19,70.53,309.52,0.04,0.07,-1.00,3.18
191.26,-9.71,57.66,311.95,0.02,-0.46,-0.89,-9.48,70.63,309.28,0.03,0.07,-1.00,-9.48,70.63,309.28,0.03,0.07,-1.00,3.18
191.46,-9.16,57.64,311.72,0.03,-0.46,-0.89,-9.12,70.68,309.02,0.03,0.07,-1.00,-9.12,70.68,309.02,0.03,0.07,-1.00,3.17
191.67,-8.15,57.56,311.32,0.02,-0.46,-0.89,-8.02,70.60,308.63,0.03,0.07,-1.00,-8.02,70.60,308.63,0.03,0.07,-1.00,3.17
191.87,-6.52,57.40,310.91,0.02,-0.46,-0.89,-6.53,70.68,308.16,0.02,0.07,-1.00,-6.53,70.68,308.16,0.02,0.07,-1.00,3.16
192.07,-4.75,57.63,311.28,0.02,-0.46,-0.89,-5.09,70.64,308.58,0.01,0.07,-1.00,-4.75,57.63,311.28,0.02,-0.46,-0.89,3.17
192.27,-3.00,57.51,311.17,0.00,-0.47,-0.89,-2.78,70.81,308.42,0.01,0.08,-1.00,-2.78,70.81,308.42,0.01,0.08,-1.00,3.15
192.47,-0.85,70.73,308.58,0.01,0.07,-1.00,-1.25,57.47,311.32,-0.00,-0.46,-0.89,-0.85,70.73,308.58,0.01,0.07,-1.00,3.15
192.67,0.68,70.72,309.55,0.00,0.06,-1.00,0.47,57.95,312.19,-0.01,-0.45,-0.89,0.68,70.72,309.55,0.00,0.06,-1.00,3.14
192.87,2.47,70.59,309.50,0.00,0.06,-1.00,1.97,57.81,312.14,-0.02,-0.45,-0.89,2.47,70.59,309.50,0.00,0.06,-1.00,3.14
193.07,4.10,70.64,309.58,0.00,0.07,-1.00,3.32,57.80,312.24,-0.03,-0.46,-0.89,4.10,70.64,309.58,0.00,0.07,-1.00,3.15
193.28,5.30,70.53,310.19,0.00,0.07,-1.00,4.55,57.70,312.84,-0.03,-0.46,-0.89,5.30,70.53,310.19,0.00,0.07,-1.00,3.14
193.48,5.24,57.63,314.80,-0.03,-0.45,-0.89,6.03,70.41,312.18,-0.00,0.07,-1.00,6.03,70.41,312.18,-0.00,0.07,-1.00,3.14
193.70,7.11,57.80,319.36,-0.03,-0.45,-0.89,7.72,70.18,316.86,-0.01,0.07,-1.00,7.72,70.18,316.86,-0.01,0.07,-1.00,3.13
193.90,8.67,57.92,324.47,-0.04,-0.44,-0.90,9.28,69.93,322.08,-0.01,0.07,-1.00,9.28,69.93,322.08,-0.01,0.07,-1.00,3.13
194.11,10.40,57.92,330.73,-0.04,-0.44,-0.90,10.76,69.66,328.45,-0.02,0.07,-1.00,10.76,69.66,328.45,-0.02,0.07,-1.00,3.12
194.31,13.09,57.91,337.99,-0.05,-0.43,-0.90,13.44,69.25,335.84,-0.03,0.07,-1.00,13.44,69.25,335.84,-0.03,0.07,-1.00,3.11
194.52,17.31,58.01,346.22,-0.05,-0.42,-0.91,17.31,68.85,344.23,-0.05,0.07,-1.00,17.31,68.85,344.23,-0.05,0.07,-1.00,3.09
194.72,24.85,58.16,354.55,-0.05,-0.40,-0.91,24.34,68.37,352.76,-0.08,0.06,-0.99,24.85,58.16,354.55,-0.05,-0.40,-0.91,3.08
194.92,35.19,58.36,362.33,-0.09,-0.39,-0.92,34.92,67.88,360.69,-0.10,0.06,-0.99,35.19,58.36,362.33,-0.09,-0.39,-0.92,3.05
195.12,42.86,58.11,369.07,-0.12,-0.39,-0.91,43.30,67.64,367.40,-0.10,0.06,-0.99,43.30,67.64,367.40,-0.10,0.06,-0.99,3.04
195.32,46.51,57.89,375.42,-0.14,-0.39,-0.91,47.23,67.35,373.74,-0.10,0.07,-0.99,47.23,67.35,373.74,-0.10,0.07,-0.99,3.04
195.52,46.35,58.05,381.92,-0.14,-0.38,-0.91,47.30,67.08,380.32,-0.09,0.07,-0.99,47.30,67.08,380.32,-0.09,0.07,-0.99,3.05
195.72,45.97,57.87,388.46,-0.14,-0.38,-0.92,47.09,66.74,386.90,-0.09,0.07,-0.99,47.09,66.74,386.90,-0.09,0.07,-0.99,3.05
195.93,45.59,57.50,394.52,-0.14,-0.38,-0.91,46.81,66.49,392.96,-0.08,0.08,-0.99,46.81,66.49,392.96,-0.08,0.08,-0.99,3.06
196.13,45.24,57.43,401.64,-0.13,-0.37,-0.92,46.08,66.09,400.21,-0.09,0.08,-0.99,46.08,66.09,400.21,-0.09,0.08,-0.99,3.05
196.33,44.56,57.26,408.82,-0.13,-0.37,-0.92,45.52,65.78,407.43,-0.08,0.08,-0.99,45.52,65.78,407.43,-0.08,0.08,-0.99,3.06
196.53,43.88,57.63,417.59,-0.13,-0.35,-0.93,44.85,65.26,416.37,-0.08,0.06,-1.00,44.85,65.26,416.37,-0.08,0.06,-1.00,3.06
196.73,43.01,57.33,425.08,-0.14,-0.34,-0.93,44.34,64.77,423.88,-0.06,0.06,-1.00,44.34,64.77,423.88,-0.06,0.06,-1.00,3.08
196.93,42.26,57.19,432.83,-0.13,-0.33,-0.93,43.33,64.39,431.71,-0.07,0.06,-1.00,43.33,64.39,431.71,-0.07,0.06,-1.00,3.08
197.14,41.60,57.23,441.20,-0.11,-0.32,-0.94,42.18,64.01,440.21,-0.08,0.06,-1.00,42.18,64.01,440.21,-0.08,0.06,-1.00,3.07
197.34,40.65,57.17,449.22,-0.10,-0.31,-0.94,41.13,63.50,448.32,-0.07,0.05,-1.00,41.13,63.50,448.32,-0.07,0.05,-1.00,3.07
197.57,39.69,57.05,459.78,-0.08,-0.30,-0.95,39.57,63.07,459.01,-0.09,0.05,-0.99,39.57,63.07,459.01,-0.09,0.05,-0.99,3.05
197.79,38.78,56.29,465.94,-0.10,-0.31,-0.94,39.28,62.68,465.08,-0.07,0.07,-1.00,38.78,56.29,465.94,-0.10,-0.31,-0.94,3.04
198.01,38.25,56.75,474.47,-0.08,-0.29,-0.95,38.23,62.39,473.76,-0.08,0.05,-1.00,38.23,62.39,473.76,-0.08,0.05,-1.00,3.06
198.22,38.21,56.38,479.40,-0.08,-0.29,-0.95,38.35,62.12,478.68,-0.07,0.05,-1.00,38.21,56.38,479.40,-0.08,-0.29,-0.95,3.06
198.44,39.80,56.66,483.20,-0.11,-0.28,-0.95,40.62,61.82,482.49,-0.06,0.04,-1.00,40.62,61.82,482.49,-0.06,0.04,-1.00,3.08
198.66,40.94,56.72,484.68,-0.12,-0.27,-0.95,42.28,61.68,483.96,-0.04,0.03,-1.00,42.28,61.68,483.96,-0.04,0.03,-1.00,3.10
198.89,41.47,56.47,484.74,-0.14,-0.28,-0.95,43.12,61.71,483.96,-0.03,0.04,-1.00,43.12,61.71,483.96,-0.03,0.04,-1.00,3.11
199.11,41.34,56.87,485.51,-0.14,-0.26,-0.95,43.27,61.58,484.77,-0.03,0.03,-1.00,43.27,61.58,484.77,-0.03,0.03,-1.00,3.12
199.32,41.54,56.52,484.83,-0.13,-0.28,-0.95,43.16,61.75,484.05,-0.04,0.04,-1.00,43.16,61.75,484.05,-0.04,0.04,-1.00,3.11
199.53,41.52,56.57,484.96,-0.14,-0.28,-0.95,43.18,61.73,484.19,-0.03,0.04,-1.00,43.18,61.73,484.19,-0.03,0.04,-1.00,3.11
199.73,41.56,56.59,485.15,-0.13,-0.28,-0.95,43.17,61.69,484.39,-0.04,0.04,-1.00,43.17,61.69,484.39,-0.04,0.04,-1.00,3.11
199.95,41.56,56.52,484.95,-0.13,-0.28,-0.95,43.11,61.71,484.18,-0.04,0.04,-1.00,43.11,61.71,484.18,-0.04,0.04,-1.00,3.10
200.18,41.57,56.52,484.90,-0.13,-0.28,-0.95,43.05,61.67,484.14,-0.04,0.04,-1.00,43.05,61.67,484.14,-0.04,0.04,-1.00,3.10
200.40,41.54,56.62,485.13,-0.14,-0.28,-0.95,43.17,61.71,484.37,-0.04,0.04,-1.00,43.17,61.71,484.37,-0.04,0.04,-1.00,3.11
200.63,41.50,56.70,485.25,-0.14,-0.27,-0.95,43.15,61.68,484.50,-0.03,0.03,-1.00,43.15,61.68,484.50,-0.03,0.03,-1.00,3.11
200.86,41.47,56.50,484.73,-0.13,-0.28,-0.95,43.09,61.73,483.95,-0.04,0.04,-1.00,43.09,61.73,483.95,-0.04,0.04,-1.00,3.11
201.07,41.50,56.53,484.91,-0.14,-0.28,-0.95,43.24,61.70,484.13,-0.03,0.04,-1.00,43.24,61.70,484.13,-0.03,0.04,-1.00,3.11
201.28,41.50,56.52,484.78,-0.14,-0.28,-0.95,43.14,61.79,483.99,-0.03,0.04,-1.00,43.14,61.79,483.99,-0.03,0.04,-1.00,3.11
201.49,41.41,56.90,485.85,-0.14,-0.26,-0.96,43.18,61.54,485.13,-0.03,0.02,-1.00,43.18,61.54,485.13,-0.03,0.02,-1.00,3.11
201.70,41.45,56.44,484.72,-0.14,-0.28,-0.95,43.18,61.82,483.92,-0.03,0.05,-1.00,43.18,61.82,483.92,-0.03,0.05,-1.00,3.11
201.91,41.57,56.38,484.52,-0.13,-0.29,-0.95,42.91,61.80,483.74,-0.04,0.05,-1.00,42.91,61.80,483.74,-0.04,0.05,-1.00,3.10
202.11,41.56,56.60,485.19,-0.13,-0.28,-0.95,43.10,61.71,484.43,-0.04,0.04,-1.00,43.10,61.71,484.43,-0.04,0.04,-1.00,3.10
202.32,41.55,56.53,484.90,-0.13,-0.28,-0.95,43.09,61.74,484.12,-0.04,0.04,-1.00,43.09,61.74,484.12,-0.04,0.04,-1.00,3.10
202.54,41.41,56.72,485.26,-0.14,-0.27,-0.95,43.30,61.64,484.49,-0.03,0.03,-1.00,43.30,61.64,484.49,-0.03,0.03,-1.00,3.11
202.75,41.54,56.54,485.01,-0.13,-0.28,-0.95,43.09,61.73,484.24,-0.04,0.04,-1.00,43.09,61.73,484.24,-0.04,0.04,-1.00,3.10
202.95,41.52,56.43,484.72,-0.13,-0.28,-0.95,43.09,61.81,483.93,-0.04,0.05,-1.00,43.09,61.81,483.93,-0.04,0.05,-1.00,3.10
203.16,41.49,56.47,484.71,-0.13,-0.28,-0.95,43.10,61.75,483.93,-0.04,0.04,-1.00,43.10,61.75,483.93,-0.04,0.04,-1.00,3.11
203.36,41.52,56.49,484.77,-0.13,-0.28,-0.95,43.08,61.73,483.99,-0.04,0.04,-1.00,43.08,61.73,483.99,-0.04,0.04,-1.00,3.10
203.57,41.52,56.56,485.06,-0.13,-0.28,-0.95,42.99,61.67,484.31,-0.04,0.04,-1.00,42.99,61.67,484.31,-0.04,0.04,-1.00,3.10
203.77,41.51,56.61,485.27,-0.13,-0.28,-0.95,43.11,61.75,484.50,-0.04,0.04,-1.00,43.11,61.75,484.50,-0.04,0.04,-1.00,3.11
203.98,41.52,56.50,484.91,-0.14,-0.28,-0.95,43.22,61.85,484.11,-0.03,0.05,-1.00,43.22,61.85,484.11,-0.03,0.05,-1.00,3.11
204.18,41.54,56.44,484.84,-0.13,-0.29,-0.95,43.14,61.87,484.03,-0.04,0.05,-1.00,43.14,61.87,484.03,-0.04,0.05,-1.00,3.11
204.40,41.50,56.60,485.11,-0.13,-0.28,-0.95,43.10,61.72,484.35,-0.04,0.04,-1.00,43.10,61.72,484.35,-0.04,0.04,-1.00,3.11
204.60,41.60,56.47,484.97,-0.13,-0.28,-0.95,42.96,61.79,484.20,-0.04,0.04,-1.00,42.96,61.79,484.20,-0.04,0.04,-1.00,3.10
204.80,41.50,56.43,484.74,-0.13,-0.28,-0.95,43.00,61.81,483.96,-0.04,0.05,-1.00,43.00,61.81,483.96,-0.04,0.05,-1.00,3.10
205.00,41.61,56.46,484.91,-0.13,-0.28,-0.95,42.93,61.81,484.14,-0.04,0.05,-1.00,42.93,61.81,484.14,-0.04,0.05,-1.00,3.10
205.21,41.54,56.64,485.25,-0.14,-0.28,-0.95,43.22,61.76,484.48,-0.03,0.04,-1.00,43.22,61.76,484.48,-0.03,0.04,-1.00,3.11
205.42,41.47,56.41,484.68,-0.14,-0.28,-0.95,43.24,61.82,483.87,-0.03,0.05,-1.00,43.24,61.82,483.87,-0.03,0.05,-1.00,3.11
205.63,41.56,56.42,484.82,-0.13,-0.28,-0.95,42.95,61.82,484.04,-0.04,0.05,-1.00,42.95,61.82,484.04,-0.04,0.05,-1.00,3.10
205.83,41.52,56.50,484.93,-0.13,-0.28,-0.95,43.15,61.78,484.14,-0.04,0.04,-1.00,43.15,61.78,484.14,-0.04,0.04,-1.00,3.11
206.05,41.44,56.50,484.88,-0.14,-0.28,-0.95,43.17,61.77,484.08,-0.03,0.04,-1.00,43.17,61.77,484.08,-0.03,0.04,-1.00,3.11
206.27,41.57,56.53,484.90,-0.13,-0.28,-0.95,42.98,61.78,484.14,-0.04,0.04,-1.00,42.98,61.78,484.14,-0.04,0.04,-1.00,3.10
206.49,41.51,56.51,484.94,-0.14,-0.28,-0.95,43.23,61.74,484.15,-0.03,0.04,-1.00,43.23,61.74,484.15,-0.03,0.04,-1.00,3.11
206.69,41.53,56.41,484.75,-0.13,-0.28,-0.95,43.08,61.80,483.96,-0.04,0.05,-1.00,43.08,61.80,483.96,-0.04,0.05,-1.00,3.10
206.91,41.38,56.60,485.10,-0.14,-0.27,-0.95,43.10,61.68,484.33,-0.03,0.04,-1.00,43.10,61.68,484.33,-0.03,0.04,-1.00,3.11
207.11,41.65,56.57,485.28,-0.13,-0.28,-0.95,43.10,61.81,484.52,-0.04,0.04,-1.00,43.10,61.81,484.52,-0.04,0.04,-1.00,3.10
207.31,41.90,56.84,485.58,-0.13,-0.27,-0.95,43.24,61.81,484.85,-0.04,0.03,-1.00,43.24,61.81,484.85,-0.04,0.03,-1.00,3.10
207.53,41.52,56.66,485.43,-0.14,-0.28,-0.95,43.28,61.80,484.65,-0.03,0.04,-1.00,43.28,61.80,484.65,-0.03,0.04,-1.00,3.11
207.75,41.50,56.65,485.25,-0.14,-0.28,-0.95,43.17,61.80,484.47,-0.03,0.04,-1.00,43.17,61.80,484.47,-0.03,0.04,-1.00,3.11
207.96,41.49,56.69,485.39,-0.14,-0.27,-0.95,43.16,61.72,484.63,-0.03,0.04,-1.00,43.16,61.72,484.63,-0.03,0.04,-1.00,3.11
208.16,41.47,56.52,484.96,-0.14,-0.28,-0.95,43.26,61.71,484.17,-0.03,0.04,-1.00,43.26,61.71,484.17,-0.03,0.04,-1.00,3.11
208.36,41.52,56.51,484.97,-0.13,-0.28,-0.95,43.13,61.83,484.18,-0.04,0.04,-1.00,43.13,61.83,484.18,-0.04,0.04,-1.00,3.11
208.57,41.53,56.74,485.47,-0.13,-0.27,-0.95,43.04,61.69,484.73,-0.04,0.03,-1.00,43.04,61.69,484.73,-0.04,0.03,-1.00,3.10
208.79,40.04,56.19,481.35,-0.16,-0.27,-0.95,42.46,61.22,480.53,-0.01,0.03,-1.00,42.46,61.22,480.53,-0.01,0.03,-1.00,3.13
209.02,40.60,56.89,482.51,-0.14,-0.24,-0.96,42.32,60.91,481.87,-0.03,0.00,-1.00,42.32,60.91,481.87,-0.03,0.00,-1.00,3.11
209.23,40.59,56.91,482.45,-0.14,-0.24,-0.96,42.36,60.86,481.81,-0.03,0.00,-1.00,42.36,60.86,481.81,-0.03,0.00,-1.00,3.11
209.45,40.60,56.74,482.27,-0.14,-0.25,-0.96,42.33,60.98,481.61,-0.03,0.01,-1.00,42.33,60.98,481.61,-0.03,0.01,-1.00,3.11
209.65,40.53,56.87,482.39,-0.14,-0.24,-0.96,42.34,60.92,481.74,-0.03,0.00,-1.00,42.34,60.92,481.74,-0.03,0.00,-1.00,3.11
209.88,40.38,56.72,481.63,-0.14,-0.24,-0.96,42.10,60.79,480.98,-0.03,0.00,-1.00,42.10,60.79,480.98,-0.03,0.00,-1.00,3.11
210.10,40.47,56.71,481.68,-0.13,-0.24,-0.96,42.09,60.82,481.04,-0.04,0.01,-1.00,42.09,60.82,481.04,-0.04,0.01,-1.00,3.11
210.31,40.45,56.88,481.87,-0.14,-0.24,-0.96,42.15,60.75,481.25,-0.03,-0.00,-1.00,42.15,60.75,481.25,-0.03,-0.00,-1.00,3.11
210.53,40.45,56.73,481.71,-0.13,-0.24,-0.96,42.10,60.79,481.07,-0.03,0.00,-1.00,42.10,60.79,481.07,-0.03,0.00,-1.00,3.11
210.75,40.41,56.62,481.48,-0.14,-0.24,-0.96,42.10,60.73,480.84,-0.03,0.01,-1.00,42.10,60.73,480.84,-0.03,0.01,-1.00,3.11
210.96,40.52,56.65,481.43,-0.13,-0.25,-0.96,42.11,60.89,480.77,-0.04,0.01,-1.00,42.11,60.89,480.77,-0.04,0.01,-1.00,3.11
211.16,40.46,56.67,481.61,-0.13,-0.24,-0.96,42.10,60.78,480.97,-0.03,0.00,-1.00,42.10,60.78,480.97,-0.03,0.00,-1.00,3.11
211.37,40.52,56.66,481.67,-0.13,-0.25,-0.96,42.07,60.86,481.03,-0.04,0.01,-1.00,42.07,60.86,481.03,-0.04,0.01,-1.00,3.10
211.60,40.63,56.46,481.25,-0.13,-0.26,-0.96,42.04,60.98,480.58,-0.04,0.02,-1.00,42.04,60.98,480.58,-0.04,0.02,-1.00,3.10
211.82,40.58,56.66,481.51,-0.13,-0.25,-0.96,42.04,60.95,480.86,-0.04,0.01,-1.00,42.04,60.95,480.86,-0.04,0.01,-1.00,3.10
212.03,40.49,56.63,481.45,-0.13,-0.25,-0.96,42.09,60.86,480.80,-0.04,0.01,-1.00,42.09,60.86,480.80,-0.04,0.01,-1.00,3.11
212.23,40.51,56.63,481.28,-0.13,-0.25,-0.96,42.15,60.93,480.61,-0.03,0.01,-1.00,42.15,60.93,480.61,-0.03,0.01,-1.00,3.11
212.43,40.46,56.66,481.48,-0.14,-0.25,-0.96,42.15,60.92,480.82,-0.03,0.01,-1.00,42.15,60.92,480.82,-0.03,0.01,-1.00,3.11
212.65,40.43,56.66,481.44,-0.14,-0.25,-0.96,42.13,60.83,480.78,-0.03,0.01,-1.00,42.13,60.83,480.78,-0.03,0.01,-1.00,3.11
212.85,40.46,56.66,481.45,-0.14,-0.25,-0.96,42.15,60.81,480.80,-0.03,0.01,-1.00,42.15,60.81,480.80,-0.03,0.01,-1.00,3.11
213.05,40.29,57.22,482.53,-0.14,-0.22,-0.97,42.15,60.57,481.96,-0.03,-0.02,-1.00,42.15,60.57,481.96,-0.03,-0.02,-1.00,3.11
213.26,40.43,56.72,481.46,-0.14,-0.24,-0.96,42.16,60.79,480.81,-0.03,0.00,-1.00,42.16,60.79,480.81,-0.03,0.00,-1.00,3.11
213.48,40.45,56.62,481.41,-0.14,-0.25,-0.96,42.17,60.77,480.76,-0.03,0.01,-1.00,42.17,60.77,480.76,-0.03,0.01,-1.00,3.11
213.71,40.64,56.69,481.44,-0.13,-0.25,-0.96,42.08,60.86,480.81,-0.04,0.01,-1.00,42.08,60.86,480.81,-0.04,0.01,-1.00,3.10
213.91,40.64,56.77,481.51,-0.12,-0.24,-0.96,41.99,60.79,480.91,-0.04,0.00,-1.00,41.99,60.79,480.91,-0.04,0.00,-1.00,3.10
214.11,40.55,56.73,481.63,-0.13,-0.24,-0.96,42.03,60.80,481.01,-0.04,0.00,-1.00,42.03,60.80,481.01,-0.04,0.00,-1.00,3.10
214.31,40.74,56.67,481.44,-0.12,-0.25,-0.96,41.91,60.83,480.83,-0.05,0.01,-1.00,41.91,60.83,480.83,-0.05,0.01,-1.00,3.09
214.52,40.48,56.56,481.49,-0.13,-0.25,-0.96,42.08,60.83,480.83,-0.04,0.01,-1.00,42.08,60.83,480.83,-0.04,0.01,-1.00,3.11
214.72,40.51,56.60,481.37,-0.13,-0.25,-0.96,42.11,60.91,480.70,-0.04,0.01,-1.00,42.11,60.91,480.70,-0.04,0.01,-1.00,3.11
214.92,40.47,56.58,481.37,-0.13,-0.25,-0.96,42.14,60.91,480.70,-0.03,0.01,-1.00,42.14,60.91,480.70,-0.03,0.01,-1.00,3.11
215.13,40.47,56.58,481.28,-0.13,-0.25,-0.96,42.13,60.90,480.61,-0.03,0.01,-1.00,42.13,60.90,480.61,-0.03,0.01,-1.00,3.11
215.34,40.55,56.83,481.71,-0.13,-0.24,-0.96,42.07,60.84,481.09,-0.04,0.00,-1.00,42.07,60.84,481.09,-0.04,0.00,-1.00,3.10
215.56,40.63,56.86,481.77,-0.13,-0.24,-0.96,42.02,60.77,481.18,-0.04,-0.00,-1.00,42.02,60.77,481.18,-0.04,-0.00,-1.00,3.10
215.77,40.38,56.79,481.62,-0.14,-0.24,-0.96,42.17,60.72,480.99,-0.03,-0.00,-1.00,42.17,60.72,480.99,-0.03,-0.00,-1.00,3.11
215.98,40.67,56.78,481.45,-0.12,-0.24,-0.96,42.00,60.81,480.84,-0.04,0.00,-1.00,42.00,60.81,480.84,-0.04,0.00,-1.00,3.10
216.18,40.51,56.80,481.59,-0.13,-0.24,-0.96,42.10,60.76,480.97,-0.04,0.00,-1.00,42.10,60.76,480.97,-0.04,0.00,-1.00,3.11
216.41,40.45,56.83,481.75,-0.14,-0.24,-0.96,42.14,60.78,481.12,-0.03,-0.00,-1.00,42.14,60.78,481.12,-0.03,-0.00,-1.00,3.11
216.64,40.59,56.75,481.49,-0.13,-0.25,-0.96,42.06,60.89,480.86,-0.04,0.01,-1.00,42.06,60.89,480.86,-0.04,0.01,-1.00,3.10
216.86,40.54,57.00,481.86,-0.13,-0.23,-0.96,42.13,60.70,481.28,-0.04,-0.01,-1.00,42.13,60.70,481.28,-0.04,-0.01,-1.00,3.11
217.07,40.71,56.72,481.48,-0.12,-0.25,-0.96,41.95,60.86,480.87,-0.05,0.01,-1.00,41.95,60.86,480.87,-0.05,0.01,-1.00,3.09
217.28,40.42,56.71,481.50,-0.14,-0.24,-0.96,42.14,60.78,480.85,-0.03,0.00,-1.00,42.14,60.78,480.85,-0.03,0.00,-1.00,3.11
217.50,40.40,56.91,481.78,-0.14,-0.24,-0.96,42.17,60.79,481.15,-0.03,-0.00,-1.00,42.17,60.79,481.15,-0.03,-0.00,-1.00,3.11
217.71,40.45,56.75,481.65,-0.14,-0.24,-0.96,42.15,60.81,481.01,-0.03,0.00,-1.00,42.15,60.81,481.01,-0.03,0.00,-1.00,3.11
217.94,40.52,56.68,481.49,-0.13,-0.24,-0.96,42.15,60.76,480.85,-0.03,0.00,-1.00,42.15,60.76,480.85,-0.03,0.00,-1.00,3.11
218.16,40.49,56.55,481.26,-0.13,-0.25,-0.96,42.10,60.85,480.60,-0.04,0.01,-1.00,42.10,60.85,480.60,-0.04,0.01,-1.00,3.11
218.37,40.49,56.83,481.71,-0.14,-0.24,-0.96,42.21,60.71,481.09,-0.03,-0.00,-1.00,42.21,60.71,481.09,-0.03,-0.00,-1.00,3.11
218.58,40.53,56.66,481.56,-0.13,-0.25,-0.96,42.13,60.88,480.91,-0.04,0.01,-1.00,42.13,60.88,480.91,-0.04,0.01,-1.00,3.11
218.78,40.58,56.64,481.53,-0.13,-0.25,-0.96,42.07,60.90,480.88,-0.04,0.01,-1.00,42.07,60.90,480.88,-0.04,0.01,-1.00,3.10
219.01,40.41,56.68,481.46,-0.14,-0.24,-0.96,42.15,60.80,480.81,-0.03,0.01,-1.00,42.15,60.80,480.81,-0.03,0.01,-1.00,3.11
219.23,40.46,57.00,482.03,-0.14,-0.23,-0.96,42.16,60.68,481.43,-0.03,-0.01,-1.00,42.16,60.68,481.43,-0.03,-0.01,-1.00,3.11
219.43,40.50,56.58,481.27,-0.13,-0.25,-0.96,42.15,60.87,480.61,-0.03,0.01,-1.00,42.15,60.87,480.61,-0.03,0.01,-1.00,3.11
219.64,40.58,56.76,481.50,-0.13,-0.24,-0.96,42.19,60.84,480.86,-0.04,0.00,-1.00,42.19,60.84,480.86,-0.04,0.00,-1.00,3.11
219.85,40.66,56.82,481.54,-0.13,-0.24,-0.96,42.06,60.85,480.93,-0.04,0.00,-1.00,42.06,60.85,480.93,-0.04,0.00,-1.00,3.10
220.05,40.53,56.65,481.38,-0.13,-0.25,-0.96,42.12,60.85,480.73,-0.04,0.01,-1.00,42.12,60.85,480.73,-0.04,0.01,-1.00,3.11
220.28,40.78,56.77,481.45,-0.12,-0.24,-0.96,42.00,60.90,480.84,-0.05,0.01,-1.00,42.00,60.90,480.84,-0.05,0.01,-1.00,3.09
220.49,40.30,57.00,481.85,-0.15,-0.23,-0.96,42.31,60.60,481.24,-0.02,-0.01,-1.00,42.31,60.60,481.24,-0.02,-0.01,-1.00,3.12
220.71,40.31,56.95,481.64,-0.14,-0.23,-0.96,42.25,60.63,481.03,-0.03,-0.01,-1.00,42.25,60.63,481.03,-0.03,-0.01,-1.00,3.12
220.92,40.54,56.95,481.93,-0.13,-0.23,-0.96,42.09,60.69,481.34,-0.04,-0.01,-1.00,42.09,60.69,481.34,-0.04,-0.01,-1.00,3.10
221.15,40.29,57.10,481.98,-0.14,-0.23,-0.96,42.28,60.69,481.37,-0.02,-0.01,-1.00,42.28,60.69,481.37,-0.02,-0.01,-1.00,3.12
221.38,40.32,57.03,481.94,-0.14,-0.23,-0.96,42.29,60.57,481.34,-0.02,-0.01,-1.00,42.29,60.57,481.34,-0.02,-0.01,-1.00,3.12
221.60,40.50,56.84,481.57,-0.13,-0.24,-0.96,42.17,60.78,480.95,-0.03,-0.00,-1.00,42.17,60.78,480.95,-0.03,-0.00,-1.00,3.11
221.82,40.48,56.79,481.52,-0.13,-0.24,-0.96,42.14,60.74,480.89,-0.03,-0.00,-1.00,42.14,60.74,480.89,-0.03,-0.00,-1.00,3.11
222.02,40.50,56.96,481.97,-0.14,-0.24,-0.96,42.18,60.77,481.36,-0.03,-0.00,-1.00,42.18,60.77,481.36,-0.03,-0.00,-1.00,3.11
222.23,40.60,56.94,481.66,-0.13,-0.24,-0.96,42.13,60.76,481.07,-0.04,-0.00,-1.00,42.13,60.76,481.07,-0.04,-0.00,-1.00,3.10
222.46,40.72,56.83,481.43,-0.13,-0.24,-0.96,42.09,60.79,480.83,-0.04,0.00,-1.00,42.09,60.79,480.83,-0.04,0.00,-1.00,3.10
222.66,40.50,56.85,481.70,-0.14,-0.24,-0.96,42.19,60.78,481.07,-0.03,-0.00,-1.00,42.19,60.78,481.07,-0.03,-0.00,-1.00,3.11
222.86,40.54,56.71,481.49,-0.13,-0.24,-0.96,42.14,60.82,480.85,-0.04,0.00,-1.00,42.14,60.82,480.85,-0.04,0.00,-1.00,3.11
223.08,40.53,56.57,481.24,-0.13,-0.25,-0.96,42.15,60.93,480.56,-0.03,0.01,-1.00,42.15,60.93,480.56,-0.03,0.01,-1.00,3.11
223.30,40.50,56.78,481.63,-0.13,-0.24,-0.96,42.12,60.75,481.00,-0.04,0.00,-1.00,42.12,60.75,481.00,-0.04,0.00,-1.00,3.11
223.51,40.56,56.56,481.20,-0.13,-0.25,-0.96,42.12,60.96,480.53,-0.04,0.01,-1.00,42.12,60.96,480.53,-0.04,0.01,-1.00,3.10
223.74,40.51,56.59,481.38,-0.13,-0.25,-0.96,42.13,60.94,480.71,-0.03,0.01,-1.00,42.13,60.94,480.71,-0.03,0.01,-1.00,3.11
223.95,40.47,56.60,481.20,-0.14,-0.25,-0.96,42.19,60.94,480.52,-0.03,0.01,-1.00,42.19,60.94,480.52,-0.03,0.01,-1.00,3.11
224.15,40.48,56.81,481.58,-0.13,-0.24,-0.96,42.10,60.80,480.95,-0.03,0.00,-1.00,42.10,60.80,480.95,-0.03,0.00,-1.00,3.11
224.39,40.53,56.73,481.61,-0.13,-0.24,-0.96,42.14,60.81,480.98,-0.04,0.00,-1.00,42.14,60.81,480.98,-0.04,0.00,-1.00,3.11
224.60,40.53,56.71,481.41,-0.13,-0.25,-0.96,42.13,60.87,480.77,-0.04,0.01,-1.00,42.13,60.87,480.77,-0.04,0.01,-1.00,3.11
224.83,40.28,56.88,481.78,-0.15,-0.24,-0.96,42.30,60.68,481.14,-0.02,-0.00,-1.00,42.30,60.68,481.14,-0.02,-0.00,-1.00,3.12
225.06,40.58,56.71,481.56,-0.13,-0.25,-0.96,42.05,60.87,480.92,-0.04,0.01,-1.00,42.05,60.87,480.92,-0.04,0.01,-1.00,3.10
225.27,40.63,56.67,481.29,-0.13,-0.25,-0.96,42.08,60.95,480.64,-0.04,0.01,-1.00,42.08,60.95,480.64,-0.04,0.01,-1.00,3.10
225.47,40.42,56.77,481.56,-0.14,-0.24,-0.96,42.21,60.87,480.90,-0.03,0.00,-1.00,42.21,60.87,480.90,-0.03,0.00,-1.00,3.11
225.70,40.55,56.68,481.56,-0.13,-0.25,-0.96,42.16,60.89,480.91,-0.04,0.01,-1.00,42.16,60.89,480.91,-0.04,0.01,-1.00,3.11
225.92,40.48,56.54,481.05,-0.14,-0.25,-0.96,42.18,60.96,480.36,-0.03,0.01,-1.00,42.18,60.96,480.36,-0.03,0.01,-1.00,3.11
226.14,40.61,56.64,481.27,-0.13,-0.25,-0.96,42.11,60.92,480.61,-0.04,0.01,-1.00,42.11,60.92,480.61,-0.04,0.01,-1.00,3.10
226.34,40.53,56.75,481.36,-0.13,-0.24,-0.96,42.18,60.80,480.72,-0.03,0.00,-1.00,42.18,60.80,480.72,-0.03,0.00,-1.00,3.11
226.57,40.49,56.75,481.55,-0.13,-0.24,-0.96,42.16,60.82,480.91,-0.03,0.00,-1.00,42.16,60.82,480.91,-0.03,0.00,-1.00,3.11
226.80,40.70,56.73,481.37,-0.12,-0.25,-0.96,42.03,60.92,480.74,-0.04,0.01,-1.00,42.03,60.92,480.74,-0.04,0.01,-1.00,3.10
227.01,40.38,57.07,482.09,-0.14,-0.23,-0.96,42.19,60.65,481.50,-0.03,-0.01,-1.00,42.19,60.65,481.50,-0.03,-0.01,-1.00,3.11
227.22,40.44,57.17,482.09,-0.14,-0.23,-0.96,42.18,60.65,481.51,-0.03,-0.01,-1.00,42.18,60.65,481.51,-0.03,-0.01,-1.00,3.11
227.43,40.37,56.67,481.26,-0.14,-0.25,-0.96,42.29,60.81,480.59,-0.03,0.01,-1.00,42.29,60.81,480.59,-0.03,0.01,-1.00,3.12
227.64,40.38,56.78,481.46,-0.14,-0.24,-0.96,42.28,60.74,480.81,-0.03,0.00,-1.00,42.28,60.74,480.81,-0.03,0.00,-1.00,3.12
227.86,40.63,56.99,481.86,-0.13,-0.24,-0.96,42.05,60.79,481.27,-0.04,-0.00,-1.00,42.05,60.79,481.27,-0.04,-0.00,-1.00,3.10
228.06,40.62,56.89,481.79,-0.13,-0.24,-0.96,42.07,60.79,481.19,-0.04,-0.00,-1.00,42.07,60.79,481.19,-0.04,-0.00,-1.00,3.10
228.27,40.40,57.06,482.15,-0.14,-0.23,-0.96,42.29,60.69,481.54,-0.03,-0.01,-1.00,42.29,60.69,481.54,-0.03,-0.01,-1.00,3.11
228.49,40.57,56.92,481.79,-0.13,-0.24,-0.96,42.14,60.76,481.18,-0.04,-0.00,-1.00,42.14,60.76,481.18,-0.04,-0.00,-1.00,3.10
228.70,40.52,57.06,482.04,-0.13,-0.23,-0.96,42.13,60.68,481.45,-0.04,-0.01,-1.00,42.13,60.68,481.45,-0.04,-0.01,-1.00,3.11
228.91,40.52,56.83,481.60,-0.13,-0.24,-0.96,42.19,60.79,480.97,-0.03,0.00,-1.00,42.19,60.79,480.97,-0.03,0.00,-1.00,3.11
229.14,40.30,57.07,482.05,-0.14,-0.22,-0.96,42.26,60.54,481.46,-0.02,-0.01,-1.00,42.26,60.54,481.46,-0.02,-0.01,-1.00,3.12
